match_id,date,year,format,competition,team,opponent,venue,catches,stumpings,run_outs,total_dismissals
64914,2004-12-23,2004,ODI,India tour of Bangladesh,India,Bangladesh,MA Aziz Stadium,0,0,0,0
64917,2004-12-27,2004,ODI,India tour of Bangladesh,India,Bangladesh,Bangabandhu National Stadium,3,2,0,5
64939,2005-04-05,2005,ODI,Pakistan tour of India,India,Pakistan,Dr. Y.S. Rajasekhara Reddy ACA-VDCA Cricket Stadium,2,0,0,2
64941,2005-04-12,2005,ODI,Pakistan tour of India,India,Pakistan,"Sardar Patel (Gujarat) Stadium, Motera",0,0,0,0
64942,2005-04-15,2005,ODI,Pakistan tour of India,India,Pakistan,Green Park,0,0,0,0
64943,2005-04-17,2005,ODI,Pakistan tour of India,India,Pakistan,Arun Jaitley Stadium,2,0,0,2
214742,2005-07-31,2005,ODI,Indian Oil Cup,India,West Indies,Rangiri Dambulla International Stadium,1,0,0,1
217481,2005-08-29,2005,ODI,Videocon Triangular Series,India,Zimbabwe,Harare Sports Club,0,0,0,0
217979,2005-09-04,2005,ODI,Videocon Triangular Series,India,Zimbabwe,Harare Sports Club,0,1,0,1
218250,2005-09-06,2005,ODI,Videocon Triangular Series,India,New Zealand,Harare Sports Club,1,1,0,2
223018,2005-10-25,2005,ODI,Sri Lanka tour of India,India,Sri Lanka,Vidarbha C.A. Ground,0,2,0,2
223334,2005-10-28,2005,ODI,Sri Lanka tour of India,India,Sri Lanka,"Punjab Cricket Association IS Bindra Stadium, Mohali",1,0,0,1
223902,2005-11-03,2005,ODI,Sri Lanka tour of India,India,Sri Lanka,Nehru Stadium,1,0,0,1
224231,2005-11-06,2005,ODI,Sri Lanka tour of India,India,Sri Lanka,"Sardar Patel (Gujarat) Stadium, Motera",0,0,0,0
224556,2005-11-09,2005,ODI,Sri Lanka tour of India,India,Sri Lanka,Madhavrao Scindia Cricket Ground,2,1,0,3
225437,2005-11-12,2005,ODI,Sri Lanka tour of India,India,Sri Lanka,Reliance Stadium,1,0,0,1
225959,2005-11-16,2005,ODI,South Africa tour of India,India,South Africa,"Rajiv Gandhi International Stadium, Uppal",0,0,0,0
226359,2005-11-28,2005,ODI,South Africa tour of India,India,South Africa,Wankhede Stadium,0,0,0,0
226363,2005-12-18,2005,TEST,Test Series,India,Sri Lanka,Sardar Patel Stadium,2,1,0,3
233797,2006-01-21,2006,TEST,Test Series,India,Pakistan,Iqbal Stadium,5,0,0,5
234783,2006-01-29,2006,TEST,Test Series,India,Pakistan,National Stadium,2,0,0,2
235831,2006-02-06,2006,ODI,India in Pakistan ODI Series,India,Pakistan,Arbab Niaz Stadium,1,0,0,1
236520,2006-02-11,2006,ODI,India in Pakistan ODI Series,India,Pakistan,Rawalpindi Cricket Stadium,1,0,2,1
236809,2006-02-13,2006,ODI,India in Pakistan ODI Series,India,Pakistan,Gaddafi Stadium,3,0,0,3
237222,2006-02-16,2006,ODI,India in Pakistan ODI Series,India,Pakistan,Multan Cricket Stadium,3,0,0,3
237571,2006-02-19,2006,ODI,India in Pakistan ODI Series,India,Pakistan,National Stadium,0,0,0,0
239025,2006-03-01,2006,TEST,Test Series,India,England,Vidarbha C.A. Ground,3,1,0,4
238186,2006-03-09,2006,TEST,Test Series,India,England,"Punjab Cricket Association IS Bindra Stadium, Mohali",5,1,0,6
238188,2006-03-28,2006,ODI,England in India ODI Series,India,England,Feroz Shah Kotla,2,0,0,2
238189,2006-03-31,2006,ODI,England in India ODI Series,India,England,Nahar Singh Stadium,1,1,1,2
238190,2006-04-03,2006,ODI,England in India ODI Series,India,England,"Nehru Stadium, Fatorda",1,0,1,1
238193,2006-04-12,2006,ODI,England in India ODI Series,India,England,Keenan Stadium,1,0,0,1
244510,2006-04-18,2006,ODI,DLF Cup,India,Pakistan,Sheikh Zayed Stadium,1,0,0,1
244511,2006-04-19,2006,ODI,DLF Cup,India,Pakistan,Sheikh Zayed Stadium,1,0,0,1
239916,2006-05-20,2006,ODI,India in West Indies ODI Series,India,West Indies,"Sabina Park, Kingston",3,0,0,3
239917,2006-05-23,2006,ODI,India in West Indies ODI Series,India,West Indies,"Warner Park, Basseterre",1,0,1,1
239918,2006-05-26,2006,ODI,India in West Indies ODI Series,India,West Indies,"Queen's Park Oval, Port of Spain",0,0,0,0
239919,2006-05-28,2006,ODI,India in West Indies ODI Series,India,West Indies,"Queen's Park Oval, Port of Spain",0,0,1,0
239920,2006-06-02,2006,TEST,Test Series,India,West Indies,"Antigua Recreation Ground, St John's",5,1,0,6
239921,2006-06-10,2006,TEST,Test Series,India,West Indies,"Daren Sammy National Cricket Stadium, Gros Islet",4,0,0,4
239922,2006-06-22,2006,TEST,Test Series,India,West Indies,"Warner Park, Basseterre",2,2,0,4
239923,2006-06-30,2006,TEST,Test Series,India,West Indies,"Sabina Park, Kingston",2,1,0,3
256665,2006-08-18,2006,ODI,India in Sri Lanka ODI Series,India,Sri Lanka,Sinhalese Sports Club Ground,0,0,0,0
256607,2006-09-14,2006,ODI,DLF Cup,India,West Indies,Kinrara Academy Oval,1,0,0,1
256608,2006-09-16,2006,ODI,DLF Cup,India,Australia,Kinrara Academy Oval,3,0,0,3
256612,2006-09-20,2006,ODI,DLF Cup,India,West Indies,Kinrara Academy Oval,2,1,0,3
256614,2006-09-22,2006,ODI,DLF Cup,India,Australia,Kinrara Academy Oval,1,0,1,1
249745,2006-10-15,2006,ODI,ICC Champions Trophy,India,England,Sawai Mansingh Stadium,1,0,0,1
249753,2006-10-26,2006,ODI,ICC Champions Trophy,India,West Indies,"Sardar Patel Stadium, Motera",0,0,0,0
249756,2006-10-29,2006,ODI,ICC Champions Trophy,India,Australia,"Punjab Cricket Association Stadium, Mohali",0,0,0,0
249211,2006-11-22,2006,ODI,India in South Africa ODI Series,India,South Africa,Kingsmead,2,1,0,3
249212,2006-11-26,2006,ODI,India in South Africa ODI Series,India,South Africa,Newlands,1,0,1,1
249213,2006-11-29,2006,ODI,India in South Africa ODI Series,India,South Africa,St George's Park,1,0,2,1
255954,2006-12-01,2006,T20I,T20I Series,India,South Africa,New Wanderers Stadium,1,0,1,1
249214,2006-12-03,2006,ODI,India in South Africa ODI Series,India,South Africa,SuperSport Park,0,0,0,0
249215,2006-12-15,2006,TEST,Test Series,India,South Africa,The Wanderers Stadium,2,0,0,2
249216,2006-12-26,2006,TEST,Test Series,India,South Africa,Kingsmead,1,0,0,1
267709,2007-01-31,2007,ODI,West Indies in India ODI Series,India,West Indies,Indian Petrochemicals Corporation Limited Sports Complex Ground,0,0,0,0
267710,2007-02-08,2007,ODI,Sri Lanka in India ODI Series,India,Sri Lanka,Eden Gardens,1,0,0,1
267712,2007-02-11,2007,ODI,Sri Lanka in India ODI Series,India,Sri Lanka,Madhavrao Scindia Cricket Ground,2,0,0,2
267715,2007-02-14,2007,ODI,Sri Lanka in India ODI Series,India,Sri Lanka,"Nehru Stadium, Fatorda",1,0,0,1
267713,2007-02-17,2007,ODI,Sri Lanka in India ODI Series,India,Sri Lanka,Andhra Cricket Association-Visakhapatnam District Cricket Association Stadium,0,0,0,0
247464,2007-03-17,2007,ODI,ICC World Cup,India,Bangladesh,"Queen's Park Oval, Port of Spain",1,2,0,3
247468,2007-03-19,2007,ODI,ICC World Cup,India,Bermuda,"Queen's Park Oval, Port of Spain",1,0,0,1
247476,2007-03-23,2007,ODI,ICC World Cup,India,Sri Lanka,"Queen's Park Oval, Port of Spain",3,0,0,3
282688,2007-05-10,2007,ODI,India in Bangladesh ODI Series,India,Bangladesh,Shere Bangla National Stadium,0,1,0,1
282689,2007-05-12,2007,ODI,India in Bangladesh ODI Series,India,Bangladesh,Shere Bangla National Stadium,1,1,1,2
282691,2007-05-18,2007,TEST,Test Series,India,Bangladesh,Zahur Ahmed Chowdhury Stadium,1,1,0,2
282692,2007-05-25,2007,TEST,Test Series,India,Bangladesh,"Shere Bangla National Stadium, Mirpur",5,0,0,5
289107,2007-06-06,2007,ODI,Afro-Asia Cup,Asia XI,Africa XI,M Chinnaswamy Stadium,1,0,0,1
289108,2007-06-09,2007,ODI,Afro-Asia Cup,Asia XI,Africa XI,"MA Chidambaram Stadium, Chepauk",2,0,0,2
289110,2007-06-10,2007,ODI,Afro-Asia Cup,Asia XI,Africa XI,"MA Chidambaram Stadium, Chepauk",0,3,0,3
293077,2007-06-29,2007,ODI,Future Cup,India,South Africa,"Civil Service Cricket Club, Stormont",1,0,0,1
293078,2007-07-01,2007,ODI,Future Cup,India,South Africa,"Civil Service Cricket Club, Stormont",1,0,0,1
258468,2007-07-19,2007,TEST,Test Series,India,England,Lord's,3,0,0,3
258469,2007-07-27,2007,TEST,Test Series,India,England,Trent Bridge,1,0,0,1
258470,2007-08-09,2007,TEST,Test Series,India,England,Kennington Oval,2,0,0,2
275789,2007-08-16,2007,ODI,ODI Series,India,Scotland,Titwood,2,0,1,2
258471,2007-08-21,2007,ODI,NatWest Series,India,England,The Rose Bowl,0,0,0,0
258472,2007-08-24,2007,ODI,NatWest Series,India,England,County Ground,1,0,0,1
258473,2007-08-27,2007,ODI,NatWest Series,India,England,Edgbaston,0,1,0,1
258474,2007-08-30,2007,ODI,NatWest Series,India,England,Old Trafford,0,0,1,0
258475,2007-09-02,2007,ODI,NatWest Series,India,England,Headingley,5,1,0,6
258476,2007-09-05,2007,ODI,NatWest Series,India,England,Kennington Oval,1,0,1,1
258477,2007-09-08,2007,ODI,NatWest Series,India,England,Lord's,1,0,0,1
287862,2007-09-14,2007,T20I,ICC World Twenty20,India,Pakistan,Kingsmead,1,0,0,1
287865,2007-09-16,2007,T20I,ICC World Twenty20,India,New Zealand,New Wanderers Stadium,0,0,3,0
287873,2007-09-19,2007,T20I,ICC World Twenty20,India,England,Kingsmead,0,0,0,0
287876,2007-09-20,2007,T20I,ICC World Twenty20,India,South Africa,Kingsmead,0,0,0,0
287878,2007-09-22,2007,T20I,ICC World Twenty20,India,Australia,Kingsmead,0,0,0,0
287879,2007-09-24,2007,T20I,ICC World Twenty20,India,Pakistan,New Wanderers Stadium,0,0,0,0
297793,2007-09-29,2007,ODI,Australia in India ODI Series,India,Australia,M Chinnaswamy Stadium,0,1,0,1
297794,2007-10-02,2007,ODI,Australia in India ODI Series,India,Australia,Nehru Stadium,1,1,0,2
297795,2007-10-05,2007,ODI,Australia in India ODI Series,India,Australia,"Rajiv Gandhi International Stadium, Uppal",1,0,0,1
297796,2007-10-08,2007,ODI,Australia in India ODI Series,India,Australia,Sector 16 Stadium,0,2,0,2
297797,2007-10-11,2007,ODI,Australia in India ODI Series,India,Australia,Reliance Stadium,0,0,0,0
297798,2007-10-14,2007,ODI,Australia in India ODI Series,India,Australia,Vidarbha Cricket Association Ground,1,0,1,1
297799,2007-10-17,2007,ODI,Australia in India ODI Series,India,Australia,Wankhede Stadium,1,0,0,1
297800,2007-10-20,2007,T20I,T20I Series,India,Australia,Brabourne Stadium,0,0,0,0
297801,2007-11-05,2007,ODI,Pakistan in India ODI Series,India,Pakistan,Nehru Stadium,0,1,2,1
297802,2007-11-08,2007,ODI,Pakistan in India ODI Series,India,Pakistan,"Punjab Cricket Association Stadium, Mohali",0,1,0,1
297803,2007-11-11,2007,ODI,Pakistan in India ODI Series,India,Pakistan,Green Park,0,0,1,0
297804,2007-11-15,2007,ODI,Pakistan in India ODI Series,India,Pakistan,Captain Roop Singh Stadium,0,0,0,0
297805,2007-11-18,2007,ODI,Pakistan in India ODI Series,India,Pakistan,Sawai Mansingh Stadium,1,2,0,3
297806,2007-11-22,2007,TEST,Test Series,India,Pakistan,Arun Jaitley Stadium,1,0,0,1
297807,2007-11-30,2007,TEST,Test Series,India,Pakistan,Eden Gardens,1,0,0,1
291351,2007-12-26,2007,TEST,Test Series,India,Australia,Melbourne Cricket Ground,0,2,0,2
291352,2008-01-02,2008,TEST,Test Series,India,Australia,Sydney Cricket Ground,2,0,0,2
291353,2008-01-16,2008,TEST,Test Series,India,Australia,Western Australia Cricket Association Ground,7,1,0,8
291354,2008-01-24,2008,TEST,Test Series,India,Australia,Adelaide Oval,1,0,0,1
291356,2008-02-01,2008,T20I,T20I Series,India,Australia,Melbourne Cricket Ground,0,0,0,0
291359,2008-02-03,2008,ODI,Commonwealth Bank Series,India,Australia,"Brisbane Cricket Ground, Woolloongabba",1,0,0,1
291360,2008-02-05,2008,ODI,Commonwealth Bank Series,India,Sri Lanka,"Brisbane Cricket Ground, Woolloongabba",0,0,0,0
291362,2008-02-10,2008,ODI,Commonwealth Bank Series,India,Australia,Melbourne Cricket Ground,4,1,0,5
291365,2008-02-17,2008,ODI,Commonwealth Bank Series,India,Australia,Adelaide Oval,3,1,1,4
291366,2008-02-19,2008,ODI,Commonwealth Bank Series,India,Sri Lanka,Adelaide Oval,1,0,0,1
291368,2008-02-24,2008,ODI,Commonwealth Bank Series,India,Australia,Sydney Cricket Ground,1,0,0,1
291369,2008-02-26,2008,ODI,Commonwealth Bank Series,India,Sri Lanka,Bellerive Oval,3,0,0,3
291371,2008-03-02,2008,ODI,Commonwealth Bank Series,India,Australia,Sydney Cricket Ground,2,0,1,2
291372,2008-03-04,2008,ODI,Commonwealth Bank Series,India,Australia,"Brisbane Cricket Ground, Woolloongabba",3,0,0,3
332911,2008-03-26,2008,TEST,Test Series,India,South Africa,"MA Chidambaram Stadium, Chepauk",2,0,1,2
332912,2008-04-03,2008,TEST,Test Series,India,South Africa,"Sardar Patel Stadium, Motera",0,0,0,0
332913,2008-04-11,2008,TEST,Test Series,India,South Africa,Green Park,1,1,0,2
335983,2008-04-19,2008,IPL,Indian Premier League,Chennai Super Kings,Kings XI Punjab,"Punjab Cricket Association Stadium, Mohali",0,0,0,0
335989,2008-04-23,2008,IPL,Indian Premier League,Chennai Super Kings,Mumbai Indians,"MA Chidambaram Stadium, Chepauk",0,0,0,0
335993,2008-04-26,2008,IPL,Indian Premier League,Chennai Super Kings,Kolkata Knight Riders,"MA Chidambaram Stadium, Chepauk",0,0,1,0
335996,2008-04-28,2008,IPL,Indian Premier League,Chennai Super Kings,Royal Challengers Bangalore,M Chinnaswamy Stadium,1,0,2,1
336001,2008-05-02,2008,IPL,Indian Premier League,Chennai Super Kings,Delhi Daredevils,"MA Chidambaram Stadium, Chepauk",0,0,0,0
336005,2008-05-04,2008,IPL,Indian Premier League,Chennai Super Kings,Rajasthan Royals,Sawai Mansingh Stadium,0,0,0,0
336007,2008-05-06,2008,IPL,Indian Premier League,Chennai Super Kings,Deccan Chargers,"MA Chidambaram Stadium, Chepauk",0,0,0,0
336009,2008-05-08,2008,IPL,Indian Premier League,Chennai Super Kings,Delhi Daredevils,Feroz Shah Kotla,0,0,0,0
336013,2008-05-10,2008,IPL,Indian Premier League,Chennai Super Kings,Kings XI Punjab,"MA Chidambaram Stadium, Chepauk",2,0,0,2
336018,2008-05-14,2008,IPL,Indian Premier League,Chennai Super Kings,Mumbai Indians,Wankhede Stadium,0,0,0,0
336025,2008-05-18,2008,IPL,Indian Premier League,Chennai Super Kings,Kolkata Knight Riders,Eden Gardens,0,0,0,0
336029,2008-05-21,2008,IPL,Indian Premier League,Chennai Super Kings,Royal Challengers Bangalore,"MA Chidambaram Stadium, Chepauk",1,0,0,1
336033,2008-05-24,2008,IPL,Indian Premier League,Chennai Super Kings,Rajasthan Royals,"MA Chidambaram Stadium, Chepauk",1,0,1,1
336037,2008-05-27,2008,IPL,Indian Premier League,Chennai Super Kings,Deccan Chargers,"Rajiv Gandhi International Stadium, Uppal",0,0,0,0
336039,2008-05-31,2008,IPL,Indian Premier League,Chennai Super Kings,Kings XI Punjab,Wankhede Stadium,0,0,0,0
336040,2008-06-01,2008,IPL,Indian Premier League,Chennai Super Kings,Rajasthan Royals,Dr DY Patil Sports Academy,1,0,0,1
345469,2008-06-10,2008,ODI,Kitply Cup,India,Pakistan,Shere Bangla National Stadium,2,1,0,3
345470,2008-06-12,2008,ODI,Kitply Cup,India,Bangladesh,Shere Bangla National Stadium,1,0,2,1
345471,2008-06-14,2008,ODI,Kitply Cup,India,Pakistan,Shere Bangla National Stadium,1,0,0,1
335349,2008-06-25,2008,ODI,Asia Cup,India,Hong Kong,National Stadium,1,3,1,4
335351,2008-06-26,2008,ODI,Asia Cup,India,Pakistan,National Stadium,1,0,0,1
335352,2008-06-28,2008,ODI,Asia Cup,India,Bangladesh,National Stadium,2,0,0,2
335355,2008-07-02,2008,ODI,Asia Cup,India,Pakistan,National Stadium,0,0,1,0
335356,2008-07-03,2008,ODI,Asia Cup,India,Sri Lanka,National Stadium,2,0,2,2
335358,2008-07-06,2008,ODI,Asia Cup,India,Sri Lanka,National Stadium,2,0,0,2
343732,2008-08-18,2008,ODI,India in Sri Lanka ODI Series,India,Sri Lanka,Rangiri Dambulla International Stadium,0,0,0,0
343733,2008-08-20,2008,ODI,India in Sri Lanka ODI Series,India,Sri Lanka,Rangiri Dambulla International Stadium,1,0,0,1
343734,2008-08-24,2008,ODI,India in Sri Lanka ODI Series,India,Sri Lanka,R Premadasa Stadium,2,0,0,2
366341,2008-08-27,2008,ODI,India in Sri Lanka ODI Series,India,Sri Lanka,R Premadasa Stadium,0,1,0,1
343736,2008-08-29,2008,ODI,India in Sri Lanka ODI Series,India,Sri Lanka,R Premadasa Stadium,0,0,0,0
345669,2008-10-09,2008,TEST,Test Series,India,Australia,M Chinnaswamy Stadium,2,0,0,2
345670,2008-10-17,2008,TEST,Test Series,India,Australia,"Punjab Cricket Association Stadium, Mohali",2,1,0,3
345671,2008-10-29,2008,TEST,Test Series,India,Australia,Feroz Shah Kotla,0,1,0,1
345672,2008-11-06,2008,TEST,Test Series,India,Australia,"Vidarbha Cricket Association Stadium, Jamtha",4,1,1,5
361043,2008-11-14,2008,ODI,England in India ODI Series,India,England,Madhavrao Scindia Cricket Ground,2,1,2,3
361044,2008-11-17,2008,ODI,England in India ODI Series,India,England,Maharani Usharaje Trust Cricket Ground,0,1,0,1
361045,2008-11-20,2008,ODI,England in India ODI Series,India,England,Green Park,2,2,0,4
361046,2008-11-23,2008,ODI,England in India ODI Series,India,England,M Chinnaswamy Stadium,0,0,0,0
361047,2008-11-26,2008,ODI,England in India ODI Series,India,England,Barabati Stadium,0,0,0,0
361050,2008-12-11,2008,TEST,Test Series,India,England,"MA Chidambaram Stadium, Chepauk",3,0,0,3
361051,2008-12-19,2008,TEST,Test Series,India,England,"Punjab Cricket Association Stadium, Mohali",2,0,0,2
386530,2009-01-28,2009,ODI,India in Sri Lanka ODI Series,India,Sri Lanka,Rangiri Dambulla International Stadium,0,0,0,0
386531,2009-01-31,2009,ODI,India in Sri Lanka ODI Series,India,Sri Lanka,R Premadasa Stadium,1,0,2,1
386532,2009-02-03,2009,ODI,India in Sri Lanka ODI Series,India,Sri Lanka,R Premadasa Stadium,1,0,0,1
386533,2009-02-05,2009,ODI,India in Sri Lanka ODI Series,India,Sri Lanka,R Premadasa Stadium,2,0,0,2
386534,2009-02-08,2009,ODI,India in Sri Lanka ODI Series,India,Sri Lanka,R Premadasa Stadium,1,0,1,1
386535,2009-02-10,2009,T20I,T20I Series,India,Sri Lanka,R Premadasa Stadium,0,0,0,0
386494,2009-02-25,2009,T20I,India in New Zealand T20I Series,India,New Zealand,AMI Stadium,0,0,0,0
366622,2009-02-27,2009,T20I,India in New Zealand T20I Series,India,New Zealand,Westpac Stadium,1,0,0,1
366623,2009-03-03,2009,ODI,India in New Zealand ODI Series,India,New Zealand,McLean Park,1,1,1,2
366626,2009-03-06,2009,ODI,India in New Zealand ODI Series,India,New Zealand,Westpac Stadium,0,0,0,0
366627,2009-03-08,2009,ODI,India in New Zealand ODI Series,India,New Zealand,AMI Stadium,0,0,2,0
366624,2009-03-11,2009,ODI,India in New Zealand ODI Series,India,New Zealand,Seddon Park,1,0,0,1
366625,2009-03-14,2009,ODI,India in New Zealand ODI Series,India,New Zealand,Eden Park,0,0,0,0
366628,2009-03-18,2009,TEST,Test Series,India,New Zealand,Seddon Park,4,1,0,5
366629,2009-04-03,2009,TEST,Test Series,India,New Zealand,Basin Reserve,7,0,0,7
392181,2009-04-18,2009,IPL,Indian Premier League,Chennai Super Kings,Mumbai Indians,Newlands,1,0,0,1
392185,2009-04-20,2009,IPL,Indian Premier League,Chennai Super Kings,Royal Challengers Bangalore,St George's Park,0,1,1,1
392189,2009-04-23,2009,IPL,Indian Premier League,Chennai Super Kings,Delhi Daredevils,Kingsmead,1,0,0,1
392196,2009-04-27,2009,IPL,Indian Premier League,Chennai Super Kings,Deccan Chargers,Kingsmead,1,0,0,1
392202,2009-04-30,2009,IPL,Indian Premier League,Chennai Super Kings,Rajasthan Royals,SuperSport Park,0,0,0,0
392206,2009-05-02,2009,IPL,Indian Premier League,Chennai Super Kings,Delhi Daredevils,New Wanderers Stadium,0,1,0,1
392209,2009-05-04,2009,IPL,Indian Premier League,Chennai Super Kings,Deccan Chargers,Buffalo Park,0,0,0,0
392214,2009-05-07,2009,IPL,Indian Premier League,Chennai Super Kings,Kings XI Punjab,SuperSport Park,0,0,0,0
392217,2009-05-09,2009,IPL,Indian Premier League,Chennai Super Kings,Rajasthan Royals,De Beers Diamond Oval,0,2,0,2
392224,2009-05-14,2009,IPL,Indian Premier League,Chennai Super Kings,Royal Challengers Bangalore,Kingsmead,1,0,1,1
392227,2009-05-16,2009,IPL,Indian Premier League,Chennai Super Kings,Mumbai Indians,St George's Park,0,0,1,0
392231,2009-05-18,2009,IPL,Indian Premier League,Chennai Super Kings,Kolkata Knight Riders,SuperSport Park,0,0,1,0
392234,2009-05-20,2009,IPL,Indian Premier League,Chennai Super Kings,Kings XI Punjab,Kingsmead,0,0,0,0
392238,2009-05-23,2009,IPL,Indian Premier League,Chennai Super Kings,Royal Challengers Bangalore,New Wanderers Stadium,0,0,0,0
355994,2009-06-06,2009,T20I,ICC World Twenty20,India,Bangladesh,Trent Bridge,1,1,0,2
356001,2009-06-10,2009,T20I,ICC World Twenty20,India,Ireland,Trent Bridge,1,0,1,1
356006,2009-06-12,2009,T20I,ICC World Twenty20,India,West Indies,Lord's,0,0,0,0
356010,2009-06-14,2009,T20I,ICC World Twenty20,India,England,Lord's,0,0,0,0
356014,2009-06-16,2009,T20I,ICC World Twenty20,India,South Africa,Trent Bridge,0,1,0,1
377313,2009-06-26,2009,ODI,India in West Indies ODI Series,India,West Indies,"Sabina Park, Kingston",1,0,1,1
377314,2009-06-28,2009,ODI,India in West Indies ODI Series,India,West Indies,"Sabina Park, Kingston",0,1,0,1
377315,2009-07-03,2009,ODI,India in West Indies ODI Series,India,West Indies,"Beausejour Stadium, Gros Islet",2,1,1,3
377316,2009-07-05,2009,ODI,India in West Indies ODI Series,India,West Indies,"Beausejour Stadium, Gros Islet",1,0,0,1
403382,2009-09-11,2009,ODI,Compaq Cup,India,New Zealand,R Premadasa Stadium,2,0,0,2
403381,2009-09-12,2009,ODI,Compaq Cup,India,Sri Lanka,R Premadasa Stadium,1,2,0,3
403383,2009-09-14,2009,ODI,Compaq Cup,India,Sri Lanka,R Premadasa Stadium,1,1,0,2
415278,2009-09-26,2009,ODI,ICC Champions Trophy,India,Pakistan,SuperSport Park,3,0,0,3
415281,2009-09-28,2009,ODI,ICC Champions Trophy,India,Australia,SuperSport Park,0,0,0,0
415284,2009-09-30,2009,ODI,ICC Champions Trophy,India,West Indies,New Wanderers Stadium,2,0,0,2
416236,2009-10-25,2009,ODI,Australia in India ODI Series,India,Australia,Reliance Stadium,1,0,0,1
416237,2009-10-28,2009,ODI,Australia in India ODI Series,India,Australia,"Vidarbha Cricket Association Stadium, Jamtha",1,1,1,2
416238,2009-10-31,2009,ODI,Australia in India ODI Series,India,Australia,Feroz Shah Kotla,1,1,0,2
416239,2009-11-02,2009,ODI,Australia in India ODI Series,India,Australia,"Punjab Cricket Association Stadium, Mohali",1,1,0,2
416240,2009-11-05,2009,ODI,Australia in India ODI Series,India,Australia,"Rajiv Gandhi International Stadium, Uppal",0,0,0,0
416241,2009-11-08,2009,ODI,Australia in India ODI Series,India,Australia,Nehru Stadium,0,0,0,0
430881,2009-11-16,2009,TEST,Test Series,India,Sri Lanka,"Sardar Patel Stadium, Motera",1,0,0,1
430882,2009-11-24,2009,TEST,Test Series,India,Sri Lanka,Green Park,3,0,1,3
430883,2009-12-02,2009,TEST,Test Series,India,Sri Lanka,Brabourne Stadium,6,0,1,6
430884,2009-12-09,2009,T20I,Sri Lanka in India T20I Series,India,Sri Lanka,"Vidarbha Cricket Association Stadium, Jamtha",0,0,0,0
430885,2009-12-12,2009,T20I,Sri Lanka in India T20I Series,India,Sri Lanka,"Punjab Cricket Association Stadium, Mohali",0,0,1,0
430886,2009-12-15,2009,ODI,Sri Lanka in India ODI Series,India,Sri Lanka,Madhavrao Scindia Cricket Ground,0,2,1,2
430887,2009-12-18,2009,ODI,Sri Lanka in India ODI Series,India,Sri Lanka,"Vidarbha Cricket Association Stadium, Jamtha",1,0,0,1
430890,2009-12-27,2009,ODI,Sri Lanka in India ODI Series,India,Sri Lanka,Feroz Shah Kotla,1,0,0,1
434259,2010-01-05,2010,ODI,Tri-Nation Tournament in Bangladesh,India,Sri Lanka,Shere Bangla National Stadium,0,0,1,0
434260,2010-01-07,2010,ODI,Tri-Nation Tournament in Bangladesh,India,Bangladesh,Shere Bangla National Stadium,0,0,0,0
434262,2010-01-10,2010,ODI,Tri-Nation Tournament in Bangladesh,India,Sri Lanka,Shere Bangla National Stadium,0,1,0,1
434263,2010-01-11,2010,ODI,Tri-Nation Tournament in Bangladesh,India,Bangladesh,Shere Bangla National Stadium,1,0,0,1
434264,2010-01-13,2010,ODI,Tri-Nation Tournament in Bangladesh,India,Sri Lanka,Shere Bangla National Stadium,1,0,0,1
434257,2010-01-24,2010,TEST,Test Series,India,Bangladesh,Shere Bangla National Stadium,6,2,0,8
441825,2010-02-06,2010,TEST,Test Series,India,South Africa,"Vidarbha Cricket Association Stadium, Jamtha",1,0,0,1
441826,2010-02-14,2010,TEST,Test Series,India,South Africa,Eden Gardens,4,0,0,4
441827,2010-02-21,2010,ODI,South Africa in India ODI Series,India,South Africa,Sawai Mansingh Stadium,1,0,2,1
441828,2010-02-24,2010,ODI,South Africa in India ODI Series,India,South Africa,Captain Roop Singh Stadium,0,0,0,0
441829,2010-02-27,2010,ODI,South Africa in India ODI Series,India,South Africa,"Sardar Patel Stadium, Motera",0,0,0,0
419110,2010-03-14,2010,IPL,Indian Premier League,Chennai Super Kings,Deccan Chargers,"MA Chidambaram Stadium, Chepauk",0,0,1,0
419113,2010-03-16,2010,IPL,Indian Premier League,Chennai Super Kings,Kolkata Knight Riders,Eden Gardens,1,0,0,1
419125,2010-03-25,2010,IPL,Indian Premier League,Chennai Super Kings,Mumbai Indians,"Brabourne Stadium, Mumbai",1,0,0,1
419129,2010-03-28,2010,IPL,Indian Premier League,Chennai Super Kings,Rajasthan Royals,"Sardar Patel Stadium, Motera",0,0,2,0
419133,2010-03-31,2010,IPL,Indian Premier League,Chennai Super Kings,Royal Challengers Bangalore,"MA Chidambaram Stadium, Chepauk",1,0,0,1
419137,2010-04-03,2010,IPL,Indian Premier League,Chennai Super Kings,Rajasthan Royals,"MA Chidambaram Stadium, Chepauk",0,0,0,0
419142,2010-04-06,2010,IPL,Indian Premier League,Chennai Super Kings,Mumbai Indians,"MA Chidambaram Stadium, Chepauk",0,1,1,1
419147,2010-04-10,2010,IPL,Indian Premier League,Chennai Super Kings,Deccan Chargers,"Vidarbha Cricket Association Stadium, Jamtha",1,1,0,2
419153,2010-04-13,2010,IPL,Indian Premier League,Chennai Super Kings,Kolkata Knight Riders,"MA Chidambaram Stadium, Chepauk",0,3,0,3
419155,2010-04-15,2010,IPL,Indian Premier League,Chennai Super Kings,Delhi Daredevils,"MA Chidambaram Stadium, Chepauk",0,0,0,0
419159,2010-04-18,2010,IPL,Indian Premier League,Chennai Super Kings,Kings XI Punjab,Himachal Pradesh Cricket Association Stadium,0,0,0,0
419163,2010-04-22,2010,IPL,Indian Premier League,Chennai Super Kings,Deccan Chargers,Dr DY Patil Sports Academy,0,1,0,1
419165,2010-04-25,2010,IPL,Indian Premier League,Chennai Super Kings,Mumbai Indians,Dr DY Patil Sports Academy,1,0,3,1
412682,2010-05-02,2010,T20I,ICC World Twenty20,India,South Africa,"Beausejour Stadium, Gros Islet",0,0,1,0
412691,2010-05-07,2010,T20I,ICC World Twenty20,India,Australia,"Kensington Oval, Bridgetown",1,1,0,2
412695,2010-05-09,2010,T20I,ICC World Twenty20,India,West Indies,"Kensington Oval, Bridgetown",1,0,1,1
412699,2010-05-11,2010,T20I,ICC World Twenty20,India,Sri Lanka,"Beausejour Stadium, Gros Islet",0,0,0,0
455232,2010-06-16,2010,ODI,Asia Cup,India,Bangladesh,Rangiri Dambulla International Stadium,3,0,0,3
455234,2010-06-19,2010,ODI,Asia Cup,India,Pakistan,Rangiri Dambulla International Stadium,2,0,1,2
455236,2010-06-22,2010,ODI,Asia Cup,India,Sri Lanka,Rangiri Dambulla International Stadium,1,0,0,1
455237,2010-06-24,2010,ODI,Asia Cup,India,Sri Lanka,Rangiri Dambulla International Stadium,4,1,0,5
456669,2010-07-18,2010,TEST,Test Series,India,Sri Lanka,Galle International Stadium,2,0,0,2
456670,2010-07-26,2010,TEST,Test Series,India,Sri Lanka,Sinhalese Sports Club Ground,0,0,0,0
456671,2010-08-03,2010,TEST,Test Series,India,Sri Lanka,P Sara Oval,4,0,1,4
456662,2010-08-10,2010,ODI,Sri Lanka Triangular Series,India,New Zealand,Rangiri Dambulla International Stadium,2,1,0,3
456663,2010-08-16,2010,ODI,Sri Lanka Triangular Series,India,Sri Lanka,Rangiri Dambulla International Stadium,1,1,0,2
456666,2010-08-22,2010,ODI,Sri Lanka Triangular Series,India,Sri Lanka,Rangiri Dambulla International Stadium,0,0,0,0
456665,2010-08-25,2010,ODI,Sri Lanka Triangular Series,India,New Zealand,Rangiri Dambulla International Stadium,1,0,0,1
456668,2010-08-28,2010,ODI,Sri Lanka Triangular Series,India,Sri Lanka,Rangiri Dambulla International Stadium,2,0,0,2
464526,2010-10-01,2010,TEST,Test Series,India,Australia,"Punjab Cricket Association Stadium, Mohali",4,0,0,4
464527,2010-10-09,2010,TEST,Test Series,India,Australia,M Chinnaswamy Stadium,4,3,0,7
464529,2010-10-20,2010,ODI,Australia in India ODI Series,India,Australia,Dr. Y.S. Rajasekhara Reddy ACA-VDCA Cricket Stadium,0,0,0,0
464531,2010-11-04,2010,TEST,Test Series,India,New Zealand,"Sardar Patel Stadium, Motera",2,1,0,3
464532,2010-11-12,2010,TEST,Test Series,India,New Zealand,"Rajiv Gandhi International Stadium, Uppal",4,1,0,5
464533,2010-11-20,2010,TEST,Test Series,India,New Zealand,"Vidarbha Cricket Association Stadium, Jamtha",2,0,0,2
463146,2010-12-16,2010,TEST,Test Series,India,South Africa,SuperSport Park,3,0,0,3
463147,2010-12-26,2010,TEST,Test Series,India,South Africa,Kingsmead,5,0,0,5
463148,2011-01-02,2011,TEST,Test Series,India,South Africa,Newlands,5,0,0,5
463149,2011-01-09,2011,T20I,T20I Series,India,South Africa,Moses Mabhida Stadium,0,0,0,0
463150,2011-01-12,2011,ODI,India in South Africa ODI Series,India,South Africa,Kingsmead,0,0,0,0
463151,2011-01-15,2011,ODI,India in South Africa ODI Series,India,South Africa,New Wanderers Stadium,2,0,0,2
463152,2011-01-18,2011,ODI,India in South Africa ODI Series,India,South Africa,Newlands,0,0,1,0
463153,2011-01-21,2011,ODI,India in South Africa ODI Series,India,South Africa,St George's Park,1,1,2,2
463154,2011-01-23,2011,ODI,India in South Africa ODI Series,India,South Africa,SuperSport Park,1,1,2,2
433558,2011-02-19,2011,ODI,ICC Cricket World Cup,India,Bangladesh,Shere Bangla National Stadium,0,1,0,1
433568,2011-02-27,2011,ODI,ICC Cricket World Cup,India,England,M Chinnaswamy Stadium,0,0,0,0
433578,2011-03-06,2011,ODI,ICC Cricket World Cup,India,Ireland,M Chinnaswamy Stadium,3,0,1,3
433582,2011-03-09,2011,ODI,ICC Cricket World Cup,India,Netherlands,Feroz Shah Kotla,1,0,2,1
433586,2011-03-12,2011,ODI,ICC Cricket World Cup,India,South Africa,"Vidarbha Cricket Association Stadium, Jamtha",1,1,1,2
433599,2011-03-20,2011,ODI,ICC Cricket World Cup,India,West Indies,"MA Chidambaram Stadium, Chepauk",0,1,0,1
433601,2011-03-24,2011,ODI,ICC Cricket World Cup,India,Australia,"Sardar Patel Stadium, Motera",0,0,0,0
433605,2011-03-30,2011,ODI,ICC Cricket World Cup,India,Pakistan,"Punjab Cricket Association Stadium, Mohali",1,0,0,1
433606,2011-04-02,2011,ODI,ICC Cricket World Cup,India,Sri Lanka,Wankhede Stadium,1,0,1,1
501198,2011-04-08,2011,IPL,Indian Premier League,Chennai Super Kings,Kolkata Knight Riders,"MA Chidambaram Stadium, Chepauk",0,3,1,3
501206,2011-04-13,2011,IPL,Indian Premier League,Chennai Super Kings,Kings XI Punjab,"Punjab Cricket Association Stadium, Mohali",0,0,0,0
501211,2011-04-16,2011,IPL,Indian Premier League,Chennai Super Kings,Royal Challengers Bangalore,"MA Chidambaram Stadium, Chepauk",1,0,0,1
501215,2011-04-18,2011,IPL,Indian Premier League,Chennai Super Kings,Kochi Tuskers Kerala,Nehru Stadium,0,0,0,0
501221,2011-04-22,2011,IPL,Indian Premier League,Chennai Super Kings,Mumbai Indians,Wankhede Stadium,0,1,0,1
501226,2011-04-25,2011,IPL,Indian Premier League,Chennai Super Kings,Pune Warriors,"MA Chidambaram Stadium, Chepauk",1,0,1,1
501228,2011-04-27,2011,IPL,Indian Premier League,Chennai Super Kings,Pune Warriors,Dr DY Patil Sports Academy,0,0,0,0
501236,2011-05-01,2011,IPL,Indian Premier League,Chennai Super Kings,Deccan Chargers,"MA Chidambaram Stadium, Chepauk",0,0,1,0
501240,2011-05-04,2011,IPL,Indian Premier League,Chennai Super Kings,Rajasthan Royals,"MA Chidambaram Stadium, Chepauk",0,0,0,0
501245,2011-05-07,2011,IPL,Indian Premier League,Chennai Super Kings,Kolkata Knight Riders,Eden Gardens,0,0,0,0
501249,2011-05-09,2011,IPL,Indian Premier League,Chennai Super Kings,Rajasthan Royals,Sawai Mansingh Stadium,2,0,0,2
501253,2011-05-12,2011,IPL,Indian Premier League,Chennai Super Kings,Delhi Daredevils,"MA Chidambaram Stadium, Chepauk",0,0,0,0
501261,2011-05-18,2011,IPL,Indian Premier League,Chennai Super Kings,Kochi Tuskers Kerala,"MA Chidambaram Stadium, Chepauk",0,0,1,0
501266,2011-05-22,2011,IPL,Indian Premier League,Chennai Super Kings,Royal Challengers Bangalore,M Chinnaswamy Stadium,0,1,0,1
501268,2011-05-24,2011,IPL,Indian Premier League,Chennai Super Kings,Royal Challengers Bangalore,Wankhede Stadium,0,0,0,0
501271,2011-05-28,2011,IPL,Indian Premier League,Chennai Super Kings,Royal Challengers Bangalore,"MA Chidambaram Stadium, Chepauk",1,0,0,1
489226,2011-06-20,2011,TEST,Test Series,India,West Indies,"Sabina Park, Kingston",4,0,0,4
489227,2011-06-28,2011,TEST,Test Series,India,West Indies,"Kensington Oval, Bridgetown",4,0,0,4
489228,2011-07-06,2011,TEST,Test Series,India,West Indies,"Windsor Park, Roseau",4,0,1,4
474472,2011-07-21,2011,TEST,Test Series,India,England,Lord's,6,0,0,6
474473,2011-07-29,2011,TEST,Test Series,India,England,Trent Bridge,5,0,0,5
474474,2011-08-10,2011,TEST,Test Series,India,England,Edgbaston,0,0,0,0
474475,2011-08-18,2011,TEST,Test Series,India,England,Kennington Oval,2,0,0,2
474476,2011-08-31,2011,T20I,T20I Series,India,England,Old Trafford,0,1,0,1
474477,2011-09-03,2011,ODI,NatWest Series,India,England,Riverside Ground,0,0,0,0
474478,2011-09-06,2011,ODI,NatWest Series,India,England,The Rose Bowl,0,0,0,0
474479,2011-09-09,2011,ODI,NatWest Series,India,England,Kennington Oval,0,0,1,0
474480,2011-09-11,2011,ODI,NatWest Series,India,England,Lord's,0,0,0,0
474481,2011-09-16,2011,ODI,NatWest Series,India,England,Sophia Gardens,0,0,0,0
521218,2011-10-14,2011,ODI,England in India ODI Series,India,England,"Rajiv Gandhi International Stadium, Uppal",1,1,0,2
521219,2011-10-17,2011,ODI,England in India ODI Series,India,England,Feroz Shah Kotla,2,0,1,2
521220,2011-10-20,2011,ODI,England in India ODI Series,India,England,"Punjab Cricket Association Stadium, Mohali",0,0,0,0
521221,2011-10-23,2011,ODI,England in India ODI Series,India,England,Wankhede Stadium,0,0,0,0
521222,2011-10-25,2011,ODI,England in India ODI Series,India,England,Eden Gardens,3,0,0,3
521217,2011-10-29,2011,T20I,T20I Series,India,England,Eden Gardens,0,0,0,0
535997,2011-11-06,2011,TEST,Test Series,India,West Indies,Feroz Shah Kotla,3,1,0,4
535998,2011-11-14,2011,TEST,Test Series,India,West Indies,Eden Gardens,2,0,0,2
535999,2011-11-22,2011,TEST,Test Series,India,West Indies,Wankhede Stadium,6,2,0,8
518950,2011-12-26,2011,TEST,Test Series,India,Australia,Melbourne Cricket Ground,6,0,0,6
518951,2012-01-03,2012,TEST,Test Series,India,Australia,Sydney Cricket Ground,0,0,0,0
518952,2012-01-13,2012,TEST,Test Series,India,Australia,Western Australia Cricket Association Ground,2,0,0,2
518954,2012-02-01,2012,T20I,India in Australia T20I Series,India,Australia,Stadium Australia,0,0,0,0
518955,2012-02-03,2012,T20I,India in Australia T20I Series,India,Australia,Melbourne Cricket Ground,2,1,2,3
518956,2012-02-05,2012,ODI,Commonwealth Bank Series,India,Australia,Melbourne Cricket Ground,0,0,0,0
518957,2012-02-08,2012,ODI,Commonwealth Bank Series,India,Sri Lanka,Western Australia Cricket Association Ground,1,2,1,3
518959,2012-02-12,2012,ODI,Commonwealth Bank Series,India,Australia,Adelaide Oval,0,0,2,0
518960,2012-02-14,2012,ODI,Commonwealth Bank Series,India,Sri Lanka,Adelaide Oval,2,0,3,2
518962,2012-02-19,2012,ODI,Commonwealth Bank Series,India,Australia,"Brisbane Cricket Ground, Woolloongabba",0,0,0,0
518965,2012-02-26,2012,ODI,Commonwealth Bank Series,India,Australia,Sydney Cricket Ground,2,1,0,3
518966,2012-02-28,2012,ODI,Commonwealth Bank Series,India,Sri Lanka,Bellerive Oval,0,0,0,0
535795,2012-03-13,2012,ODI,Asia Cup,India,Sri Lanka,Shere Bangla National Stadium,1,0,0,1
535797,2012-03-16,2012,ODI,Asia Cup,India,Bangladesh,Shere Bangla National Stadium,0,1,0,1
535798,2012-03-18,2012,ODI,Asia Cup,India,Pakistan,Shere Bangla National Stadium,0,0,0,0
556252,2012-03-30,2012,T20I,T20I Series,India,South Africa,New Wanderers Stadium,0,0,0,0
548306,2012-04-04,2012,IPL,Indian Premier League,Chennai Super Kings,Mumbai Indians,"MA Chidambaram Stadium, Chepauk",1,0,0,1
548311,2012-04-07,2012,IPL,Indian Premier League,Chennai Super Kings,Deccan Chargers,Dr. Y.S. Rajasekhara Reddy ACA-VDCA Cricket Stadium,1,1,0,2
548316,2012-04-10,2012,IPL,Indian Premier League,Chennai Super Kings,Delhi Daredevils,Feroz Shah Kotla,0,0,0,0
548318,2012-04-12,2012,IPL,Indian Premier League,Chennai Super Kings,Royal Challengers Bangalore,"MA Chidambaram Stadium, Chepauk",0,0,0,0
548322,2012-04-14,2012,IPL,Indian Premier League,Chennai Super Kings,Pune Warriors,Subrata Roy Sahara Stadium,0,0,0,0
548330,2012-04-19,2012,IPL,Indian Premier League,Chennai Super Kings,Pune Warriors,"MA Chidambaram Stadium, Chepauk",0,0,0,0
548332,2012-04-21,2012,IPL,Indian Premier League,Chennai Super Kings,Rajasthan Royals,"MA Chidambaram Stadium, Chepauk",1,0,0,1
548343,2012-04-28,2012,IPL,Indian Premier League,Chennai Super Kings,Kings XI Punjab,"MA Chidambaram Stadium, Chepauk",1,0,1,1
548347,2012-04-30,2012,IPL,Indian Premier League,Chennai Super Kings,Kolkata Knight Riders,"MA Chidambaram Stadium, Chepauk",1,0,0,1
548352,2012-05-04,2012,IPL,Indian Premier League,Chennai Super Kings,Deccan Chargers,"MA Chidambaram Stadium, Chepauk",0,0,1,0
548355,2012-05-06,2012,IPL,Indian Premier League,Chennai Super Kings,Mumbai Indians,Wankhede Stadium,0,0,0,0
548361,2012-05-10,2012,IPL,Indian Premier League,Chennai Super Kings,Rajasthan Royals,Sawai Mansingh Stadium,0,0,0,0
548364,2012-05-12,2012,IPL,Indian Premier League,Chennai Super Kings,Delhi Daredevils,"MA Chidambaram Stadium, Chepauk",1,0,0,1
548368,2012-05-14,2012,IPL,Indian Premier League,Chennai Super Kings,Kolkata Knight Riders,Eden Gardens,0,0,1,0
548371,2012-05-17,2012,IPL,Indian Premier League,Chennai Super Kings,Kings XI Punjab,Himachal Pradesh Cricket Association Stadium,3,0,0,3
548379,2012-05-23,2012,IPL,Indian Premier League,Chennai Super Kings,Mumbai Indians,M Chinnaswamy Stadium,3,0,0,3
548380,2012-05-25,2012,IPL,Indian Premier League,Chennai Super Kings,Delhi Daredevils,"MA Chidambaram Stadium, Chepauk",0,1,1,1
548381,2012-05-27,2012,IPL,Indian Premier League,Chennai Super Kings,Kolkata Knight Riders,"MA Chidambaram Stadium, Chepauk",0,0,0,0
564781,2012-07-21,2012,ODI,India in Sri Lanka ODI Series,India,Sri Lanka,"Mahinda Rajapaksa International Cricket Stadium, Sooriyawewa",1,0,0,1
564782,2012-07-24,2012,ODI,India in Sri Lanka ODI Series,India,Sri Lanka,"Mahinda Rajapaksa International Cricket Stadium, Sooriyawewa",1,0,0,1
564783,2012-07-28,2012,ODI,India in Sri Lanka ODI Series,India,Sri Lanka,R Premadasa Stadium,1,0,0,1
564784,2012-07-31,2012,ODI,India in Sri Lanka ODI Series,India,Sri Lanka,R Premadasa Stadium,2,1,0,3
564785,2012-08-04,2012,ODI,India in Sri Lanka ODI Series,India,Sri Lanka,Pallekele International Cricket Stadium,1,0,1,1
564786,2012-08-07,2012,T20I,T20I Series,India,Sri Lanka,Pallekele International Cricket Stadium,2,0,0,2
565817,2012-08-23,2012,TEST,Test Series,India,New Zealand,"Rajiv Gandhi International Stadium, Uppal",0,1,0,1
565818,2012-08-31,2012,TEST,Test Series,India,New Zealand,M Chinnaswamy Stadium,2,1,0,3
565820,2012-09-11,2012,T20I,New Zealand in India T20I Series,India,New Zealand,"MA Chidambaram Stadium, Chepauk",0,0,0,0
533281,2012-09-23,2012,T20I,ICC World Twenty20,India,England,R Premadasa Stadium,0,1,0,1
533287,2012-09-28,2012,T20I,ICC World Twenty20,India,Australia,R Premadasa Stadium,0,0,0,0
533291,2012-09-30,2012,T20I,ICC World Twenty20,India,Pakistan,R Premadasa Stadium,4,0,0,4
533295,2012-10-02,2012,T20I,ICC World Twenty20,India,South Africa,R Premadasa Stadium,0,0,0,0
565806,2012-11-15,2012,TEST,Test Series,India,England,"Sardar Patel Stadium, Motera",1,0,0,1
565807,2012-11-23,2012,TEST,Test Series,India,England,Wankhede Stadium,2,0,1,2
565808,2012-12-05,2012,TEST,Test Series,India,England,Eden Gardens,4,1,0,5
565809,2012-12-13,2012,TEST,Test Series,India,England,"Vidarbha Cricket Association Stadium, Jamtha",2,0,0,2
565810,2012-12-20,2012,T20I,England in India T20I Series,India,England,Subrata Roy Sahara Stadium,0,0,0,0
565811,2012-12-22,2012,T20I,England in India T20I Series,India,England,Wankhede Stadium,0,1,0,1
589306,2012-12-25,2012,T20I,Pakistan in India T20I Series,India,Pakistan,M Chinnaswamy Stadium,1,0,0,1
589307,2012-12-28,2012,T20I,Pakistan in India T20I Series,India,Pakistan,"Sardar Patel Stadium, Motera",0,1,0,1
589308,2012-12-30,2012,ODI,Pakistan in India ODI Series,India,Pakistan,"MA Chidambaram Stadium, Chepauk",0,0,0,0
589309,2013-01-03,2013,ODI,Pakistan in India ODI Series,India,Pakistan,Eden Gardens,0,1,1,1
589310,2013-01-06,2013,ODI,Pakistan in India ODI Series,India,Pakistan,Feroz Shah Kotla,1,1,0,2
565812,2013-01-11,2013,ODI,England in India ODI Series,India,England,Saurashtra Cricket Association Stadium,0,0,0,0
565813,2013-01-15,2013,ODI,England in India ODI Series,India,England,Nehru Stadium,3,0,1,3
565814,2013-01-19,2013,ODI,England in India ODI Series,India,England,JSCA International Stadium Complex,3,0,0,3
565815,2013-01-23,2013,ODI,England in India ODI Series,India,England,"Punjab Cricket Association Stadium, Mohali",0,0,0,0
565816,2013-01-27,2013,ODI,England in India ODI Series,India,England,Himachal Pradesh Cricket Association Stadium,0,0,0,0
598812,2013-02-22,2013,TEST,Test Series,India,Australia,"MA Chidambaram Stadium, Chepauk",0,1,0,1
598813,2013-03-02,2013,TEST,Test Series,India,Australia,"Rajiv Gandhi International Stadium, Uppal",3,0,0,3
598814,2013-03-14,2013,TEST,Test Series,India,Australia,"Punjab Cricket Association Stadium, Mohali",5,2,0,7
598815,2013-03-22,2013,TEST,Test Series,India,Australia,Feroz Shah Kotla,1,2,0,3
598002,2013-04-06,2013,IPL,Indian Premier League,Chennai Super Kings,Mumbai Indians,"MA Chidambaram Stadium, Chepauk",1,0,0,1
598007,2013-04-10,2013,IPL,Indian Premier League,Chennai Super Kings,Kings XI Punjab,"Punjab Cricket Association Stadium, Mohali",0,0,1,0
598012,2013-04-13,2013,IPL,Indian Premier League,Chennai Super Kings,Royal Challengers Bangalore,"MA Chidambaram Stadium, Chepauk",3,1,0,4
598015,2013-04-15,2013,IPL,Indian Premier League,Chennai Super Kings,Pune Warriors,"MA Chidambaram Stadium, Chepauk",0,1,0,1
598020,2013-04-18,2013,IPL,Indian Premier League,Chennai Super Kings,Delhi Daredevils,Feroz Shah Kotla,0,0,0,0
598022,2013-04-20,2013,IPL,Indian Premier League,Chennai Super Kings,Kolkata Knight Riders,Eden Gardens,0,0,1,0
598026,2013-04-22,2013,IPL,Indian Premier League,Chennai Super Kings,Rajasthan Royals,"MA Chidambaram Stadium, Chepauk",1,0,0,1
598030,2013-04-25,2013,IPL,Indian Premier League,Chennai Super Kings,Sunrisers Hyderabad,"MA Chidambaram Stadium, Chepauk",1,0,0,1
598034,2013-04-28,2013,IPL,Indian Premier League,Chennai Super Kings,Kolkata Knight Riders,"MA Chidambaram Stadium, Chepauk",0,0,0,0
598038,2013-04-30,2013,IPL,Indian Premier League,Chennai Super Kings,Pune Warriors,Subrata Roy Sahara Stadium,2,0,0,2
598041,2013-05-02,2013,IPL,Indian Premier League,Chennai Super Kings,Kings XI Punjab,"MA Chidambaram Stadium, Chepauk",0,0,0,0
598046,2013-05-05,2013,IPL,Indian Premier League,Chennai Super Kings,Mumbai Indians,Wankhede Stadium,0,0,0,0
598051,2013-05-08,2013,IPL,Indian Premier League,Chennai Super Kings,Sunrisers Hyderabad,"Rajiv Gandhi International Stadium, Uppal",0,0,1,0
598058,2013-05-12,2013,IPL,Indian Premier League,Chennai Super Kings,Rajasthan Royals,Sawai Mansingh Stadium,2,0,0,2
598062,2013-05-14,2013,IPL,Indian Premier League,Chennai Super Kings,Delhi Daredevils,"MA Chidambaram Stadium, Chepauk",3,0,0,3
598068,2013-05-18,2013,IPL,Indian Premier League,Chennai Super Kings,Royal Challengers Bangalore,M Chinnaswamy Stadium,0,0,0,0
598070,2013-05-21,2013,IPL,Indian Premier League,Chennai Super Kings,Mumbai Indians,Feroz Shah Kotla,0,0,0,0
598073,2013-05-26,2013,IPL,Indian Premier League,Chennai Super Kings,Mumbai Indians,Eden Gardens,2,0,0,2
578614,2013-06-06,2013,ODI,ICC Champions Trophy,India,South Africa,Sophia Gardens,2,0,2,2
578619,2013-06-11,2013,ODI,ICC Champions Trophy,India,West Indies,Kennington Oval,1,1,0,2
578623,2013-06-15,2013,ODI,ICC Champions Trophy,India,Pakistan,Edgbaston,2,0,0,2
566947,2013-06-20,2013,ODI,ICC Champions Trophy,India,Sri Lanka,Sophia Gardens,0,1,0,1
566948,2013-06-23,2013,ODI,ICC Champions Trophy,India,England,Edgbaston,0,2,1,2
597924,2013-06-30,2013,ODI,West Indies Tri-Nation Series,India,West Indies,"Sabina Park, Kingston",0,0,0,0
597929,2013-07-11,2013,ODI,West Indies Tri-Nation Series,India,Sri Lanka,"Queen's Park Oval, Port of Spain",1,3,0,4
647247,2013-10-10,2013,T20I,T20I Series,India,Australia,Saurashtra Cricket Association Stadium,1,0,0,1
647249,2013-10-13,2013,ODI,Australia in India ODI Series,India,Australia,Maharashtra Cricket Association Stadium,0,0,0,0
647251,2013-10-16,2013,ODI,Australia in India ODI Series,India,Australia,Sawai Mansingh Stadium,1,0,1,1
647253,2013-10-19,2013,ODI,Australia in India ODI Series,India,Australia,"Punjab Cricket Association Stadium, Mohali",1,0,0,1
647255,2013-10-23,2013,ODI,Australia in India ODI Series,India,Australia,JSCA International Stadium Complex,1,1,0,2
647259,2013-10-30,2013,ODI,Australia in India ODI Series,India,Australia,"Vidarbha Cricket Association Stadium, Jamtha",0,0,0,0
647261,2013-11-02,2013,ODI,Australia in India ODI Series,India,Australia,M Chinnaswamy Stadium,0,0,1,0
676525,2013-11-06,2013,TEST,Test Series,India,West Indies,Eden Gardens,0,0,2,0
676527,2013-11-14,2013,TEST,Test Series,India,West Indies,Wankhede Stadium,4,1,0,5
676529,2013-11-21,2013,ODI,West Indies in India ODI Series,India,West Indies,Nehru Stadium,0,1,0,1
676531,2013-11-24,2013,ODI,West Indies in India ODI Series,India,West Indies,Dr. Y.S. Rajasekhara Reddy ACA-VDCA Cricket Stadium,3,1,0,4
676533,2013-11-27,2013,ODI,West Indies in India ODI Series,India,West Indies,Green Park,1,0,0,1
648651,2013-12-05,2013,ODI,India in South Africa ODI Series,India,South Africa,New Wanderers Stadium,0,0,0,0
648653,2013-12-08,2013,ODI,India in South Africa ODI Series,India,South Africa,Kingsmead,1,1,1,2
648655,2013-12-11,2013,ODI,India in South Africa ODI Series,India,South Africa,SuperSport Park,0,0,0,0
648665,2013-12-18,2013,TEST,Test Series,India,South Africa,New Wanderers Stadium,1,0,0,1
648667,2013-12-26,2013,TEST,Test Series,India,South Africa,Kingsmead,2,0,0,2
667641,2014-01-19,2014,ODI,India in New Zealand ODI Series,India,New Zealand,McLean Park,2,0,0,2
667643,2014-01-22,2014,ODI,India in New Zealand ODI Series,India,New Zealand,Seddon Park,2,1,0,3
667645,2014-01-25,2014,ODI,India in New Zealand ODI Series,India,New Zealand,Eden Park,0,0,1,0
667647,2014-01-28,2014,ODI,India in New Zealand ODI Series,India,New Zealand,Seddon Park,0,0,0,0
667649,2014-01-31,2014,ODI,India in New Zealand ODI Series,India,New Zealand,Westpac Stadium,0,0,0,0
667651,2014-02-06,2014,TEST,Test Series,India,New Zealand,Eden Park,1,0,0,1
667653,2014-02-14,2014,TEST,Test Series,India,New Zealand,Basin Reserve,6,0,0,6
682921,2014-03-21,2014,T20I,World T20,India,Pakistan,Shere Bangla National Stadium,0,1,1,1
682929,2014-03-23,2014,T20I,World T20,India,West Indies,Shere Bangla National Stadium,0,1,1,1
682943,2014-03-28,2014,T20I,World T20,India,Bangladesh,Shere Bangla National Stadium,0,1,0,1
682951,2014-03-30,2014,T20I,World T20,India,Australia,Shere Bangla National Stadium,1,0,1,1
682963,2014-04-04,2014,T20I,World T20,India,South Africa,Shere Bangla National Stadium,1,0,0,1
682965,2014-04-06,2014,T20I,World T20,India,Sri Lanka,Shere Bangla National Stadium,1,0,0,1
729283,2014-04-18,2014,IPL,Indian Premier League,Chennai Super Kings,Kings XI Punjab,Sheikh Zayed Stadium,0,0,0,0
729293,2014-04-21,2014,IPL,Indian Premier League,Chennai Super Kings,Delhi Daredevils,Sheikh Zayed Stadium,1,0,0,1
729297,2014-04-23,2014,IPL,Indian Premier League,Chennai Super Kings,Rajasthan Royals,Dubai International Cricket Stadium,1,0,0,1
729303,2014-04-25,2014,IPL,Indian Premier League,Chennai Super Kings,Mumbai Indians,Dubai International Cricket Stadium,0,0,0,0
729311,2014-04-27,2014,IPL,Indian Premier League,Chennai Super Kings,Sunrisers Hyderabad,Sharjah Cricket Stadium,0,0,0,0
733971,2014-05-02,2014,IPL,Indian Premier League,Chennai Super Kings,Kolkata Knight Riders,JSCA International Stadium Complex,1,0,1,1
733981,2014-05-05,2014,IPL,Indian Premier League,Chennai Super Kings,Delhi Daredevils,Feroz Shah Kotla,0,0,0,0
733987,2014-05-07,2014,IPL,Indian Premier League,Chennai Super Kings,Kings XI Punjab,Barabati Stadium,0,0,0,0
733995,2014-05-10,2014,IPL,Indian Premier League,Chennai Super Kings,Mumbai Indians,Wankhede Stadium,0,0,0,0
734003,2014-05-13,2014,IPL,Indian Premier League,Chennai Super Kings,Rajasthan Royals,JSCA International Stadium Complex,0,0,1,0
734013,2014-05-18,2014,IPL,Indian Premier League,Chennai Super Kings,Royal Challengers Bangalore,JSCA International Stadium Complex,0,1,0,1
734023,2014-05-20,2014,IPL,Indian Premier League,Chennai Super Kings,Kolkata Knight Riders,Eden Gardens,0,0,0,0
734029,2014-05-22,2014,IPL,Indian Premier League,Chennai Super Kings,Sunrisers Hyderabad,JSCA International Stadium Complex,0,0,0,0
734035,2014-05-24,2014,IPL,Indian Premier League,Chennai Super Kings,Royal Challengers Bangalore,M Chinnaswamy Stadium,0,0,0,0
734045,2014-05-28,2014,IPL,Indian Premier League,Chennai Super Kings,Mumbai Indians,Brabourne Stadium,0,0,0,0
734047,2014-05-30,2014,IPL,Indian Premier League,Chennai Super Kings,Kings XI Punjab,Wankhede Stadium,0,0,1,0
667711,2014-07-09,2014,TEST,Test Series,India,England,Trent Bridge,3,0,0,3
667713,2014-07-17,2014,TEST,Test Series,India,England,Lord's,6,0,0,6
667715,2014-07-27,2014,TEST,Test Series,India,England,The Rose Bowl,3,0,0,3
667717,2014-08-07,2014,TEST,Test Series,India,England,Old Trafford,2,0,0,2
667719,2014-08-15,2014,TEST,Test Series,India,England,Kennington Oval,3,0,0,3
667723,2014-08-27,2014,ODI,India in England ODI Series,India,England,Sophia Gardens,0,1,0,1
667725,2014-08-30,2014,ODI,India in England ODI Series,India,England,Trent Bridge,2,2,1,4
667727,2014-09-02,2014,ODI,India in England ODI Series,India,England,Edgbaston,0,0,0,0
667729,2014-09-05,2014,ODI,India in England ODI Series,India,England,Headingley,1,1,1,2
667731,2014-09-07,2014,T20I,T20I Series,India,England,Edgbaston,0,0,1,0
770121,2014-10-08,2014,ODI,West Indies in India ODI Series,India,West Indies,Nehru Stadium,0,0,0,0
770123,2014-10-11,2014,ODI,West Indies in India ODI Series,India,West Indies,Feroz Shah Kotla,0,1,0,1
770127,2014-10-17,2014,ODI,West Indies in India ODI Series,India,West Indies,Himachal Pradesh Cricket Association Stadium,0,0,0,0
754739,2014-12-17,2014,TEST,Test Series,India,Australia,"Brisbane Cricket Ground, Woolloongabba",5,0,1,5
754741,2014-12-26,2014,TEST,Test Series,India,Australia,Melbourne Cricket Ground,8,1,0,9
754749,2015-01-18,2015,ODI,Carlton Mid One-Day International Tri-Series,India,Australia,Melbourne Cricket Ground,2,0,0,2
754753,2015-01-20,2015,ODI,Carlton Mid One-Day International Tri-Series,India,England,"Brisbane Cricket Ground, Woolloongabba",0,0,0,0
754757,2015-01-26,2015,ODI,Carlton Mid One-Day International Tri-Series,India,Australia,Sydney Cricket Ground,0,0,0,0
754759,2015-01-30,2015,ODI,Carlton Mid One-Day International Tri-Series,India,England,Western Australia Cricket Association Ground,0,0,0,0
656405,2015-02-15,2015,ODI,ICC Cricket World Cup,India,Pakistan,Adelaide Oval,3,0,0,3
656423,2015-02-22,2015,ODI,ICC Cricket World Cup,India,South Africa,Melbourne Cricket Ground,0,0,2,0
656439,2015-02-28,2015,ODI,ICC Cricket World Cup,India,United Arab Emirates,Western Australia Cricket Association Ground,2,0,0,2
656453,2015-03-06,2015,ODI,ICC Cricket World Cup,India,West Indies,Western Australia Cricket Association Ground,2,0,0,2
656465,2015-03-10,2015,ODI,ICC Cricket World Cup,India,Ireland,Seddon Park,2,0,0,2
656475,2015-03-14,2015,ODI,ICC Cricket World Cup,India,Zimbabwe,Eden Park,2,0,0,2
656485,2015-03-19,2015,ODI,ICC Cricket World Cup,India,Bangladesh,Melbourne Cricket Ground,4,0,0,4
656493,2015-03-26,2015,ODI,ICC Cricket World Cup,India,Australia,Sydney Cricket Ground,0,0,0,0
829707,2015-04-09,2015,IPL,Indian Premier League,Chennai Super Kings,Delhi Daredevils,"MA Chidambaram Stadium, Chepauk",1,0,1,1
829711,2015-04-11,2015,IPL,Indian Premier League,Chennai Super Kings,Sunrisers Hyderabad,"MA Chidambaram Stadium, Chepauk",0,0,0,0
829729,2015-04-17,2015,IPL,Indian Premier League,Chennai Super Kings,Mumbai Indians,Wankhede Stadium,0,0,0,0
829735,2015-04-19,2015,IPL,Indian Premier League,Chennai Super Kings,Rajasthan Royals,"Sardar Patel Stadium, Motera",0,0,0,0
829745,2015-04-22,2015,IPL,Indian Premier League,Chennai Super Kings,Royal Challengers Bangalore,M Chinnaswamy Stadium,0,0,1,0
829753,2015-04-25,2015,IPL,Indian Premier League,Chennai Super Kings,Kings XI Punjab,"MA Chidambaram Stadium, Chepauk",1,1,0,2
829765,2015-04-28,2015,IPL,Indian Premier League,Chennai Super Kings,Kolkata Knight Riders,"MA Chidambaram Stadium, Chepauk",2,0,1,2
829723,2015-04-30,2015,IPL,Indian Premier League,Chennai Super Kings,Kolkata Knight Riders,Eden Gardens,0,0,0,0
829773,2015-05-02,2015,IPL,Indian Premier League,Chennai Super Kings,Sunrisers Hyderabad,"Rajiv Gandhi International Stadium, Uppal",1,1,1,2
829779,2015-05-04,2015,IPL,Indian Premier League,Chennai Super Kings,Royal Challengers Bangalore,"MA Chidambaram Stadium, Chepauk",1,0,1,1
829789,2015-05-08,2015,IPL,Indian Premier League,Chennai Super Kings,Mumbai Indians,"MA Chidambaram Stadium, Chepauk",0,0,0,0
829797,2015-05-10,2015,IPL,Indian Premier League,Chennai Super Kings,Rajasthan Royals,"MA Chidambaram Stadium, Chepauk",0,0,0,0
829801,2015-05-12,2015,IPL,Indian Premier League,Chennai Super Kings,Delhi Daredevils,Shaheed Veer Narayan Singh International Stadium,0,0,0,0
829809,2015-05-16,2015,IPL,Indian Premier League,Chennai Super Kings,Kings XI Punjab,"Punjab Cricket Association Stadium, Mohali",2,1,0,3
829817,2015-05-19,2015,IPL,Indian Premier League,Chennai Super Kings,Mumbai Indians,Wankhede Stadium,0,0,0,0
829821,2015-05-22,2015,IPL,Indian Premier League,Chennai Super Kings,Royal Challengers Bangalore,JSCA International Stadium Complex,0,0,1,0
829823,2015-05-24,2015,IPL,Indian Premier League,Chennai Super Kings,Mumbai Indians,Eden Gardens,0,0,0,0
870731,2015-06-18,2015,ODI,India in Bangladesh ODI Series,India,Bangladesh,Shere Bangla National Stadium,0,0,0,0
870733,2015-06-21,2015,ODI,India in Bangladesh ODI Series,India,Bangladesh,Shere Bangla National Stadium,1,0,1,1
870735,2015-06-24,2015,ODI,India in Bangladesh ODI Series,India,Bangladesh,Shere Bangla National Stadium,1,0,0,1
903587,2015-10-02,2015,T20I,South Africa in India T20I Series,India,South Africa,Himachal Pradesh Cricket Association Stadium,0,0,0,0
903589,2015-10-05,2015,T20I,South Africa in India T20I Series,India,South Africa,Barabati Stadium,0,0,0,0
903593,2015-10-11,2015,ODI,South Africa in India ODI Series,India,South Africa,Green Park,1,1,0,2
903595,2015-10-14,2015,ODI,South Africa in India ODI Series,India,South Africa,Holkar Cricket Stadium,3,1,0,4
903597,2015-10-18,2015,ODI,South Africa in India ODI Series,India,South Africa,Saurashtra Cricket Association Stadium,0,1,1,1
903599,2015-10-22,2015,ODI,South Africa in India ODI Series,India,South Africa,"MA Chidambaram Stadium, Chepauk",2,0,0,2
903601,2015-10-25,2015,ODI,South Africa in India ODI Series,India,South Africa,Wankhede Stadium,2,0,0,2
895807,2016-01-12,2016,ODI,India in Australia ODI Series,India,Australia,Western Australia Cricket Association Ground,0,0,0,0
895809,2016-01-15,2016,ODI,India in Australia ODI Series,India,Australia,"Brisbane Cricket Ground, Woolloongabba",0,0,0,0
895811,2016-01-17,2016,ODI,India in Australia ODI Series,India,Australia,Melbourne Cricket Ground,2,1,1,3
895813,2016-01-20,2016,ODI,India in Australia ODI Series,India,Australia,Manuka Oval,0,0,0,0
895815,2016-01-23,2016,ODI,India in Australia ODI Series,India,Australia,Sydney Cricket Ground,1,0,0,1
895817,2016-01-26,2016,T20I,India in Australia T20I Series,India,Australia,Adelaide Oval,0,0,0,0
895819,2016-01-29,2016,T20I,India in Australia T20I Series,India,Australia,Melbourne Cricket Ground,1,2,1,3
895821,2016-01-31,2016,T20I,India in Australia T20I Series,India,Australia,Sydney Cricket Ground,1,0,0,1
963697,2016-02-09,2016,T20I,Sri Lanka in India T20I Series,India,Sri Lanka,Maharashtra Cricket Association Stadium,0,0,0,0
963699,2016-02-12,2016,T20I,Sri Lanka in India T20I Series,India,Sri Lanka,JSCA International Stadium Complex,1,2,0,3
963701,2016-02-14,2016,T20I,Sri Lanka in India T20I Series,India,Sri Lanka,Dr. Y.S. Rajasekhara Reddy ACA-VDCA Cricket Stadium,1,1,0,2
966745,2016-02-24,2016,T20I,Asia Cup,India,Bangladesh,Shere Bangla National Stadium,2,0,0,2
966751,2016-02-27,2016,T20I,Asia Cup,India,Pakistan,Shere Bangla National Stadium,2,0,1,2
966757,2016-03-01,2016,T20I,Asia Cup,India,Sri Lanka,Shere Bangla National Stadium,2,1,1,3
966761,2016-03-03,2016,T20I,Asia Cup,India,United Arab Emirates,Shere Bangla National Stadium,0,0,2,0
966765,2016-03-06,2016,T20I,Asia Cup,India,Bangladesh,Shere Bangla National Stadium,0,0,1,0
951329,2016-03-15,2016,T20I,World T20,India,New Zealand,"Vidarbha Cricket Association Stadium, Jamtha",1,1,0,2
951341,2016-03-19,2016,T20I,World T20,India,Pakistan,Eden Gardens,1,0,0,1
951353,2016-03-23,2016,T20I,World T20,India,Bangladesh,M Chinnaswamy Stadium,0,2,1,2
951363,2016-03-27,2016,T20I,World T20,India,Australia,"Punjab Cricket Association IS Bindra Stadium, Mohali",2,1,0,3
951371,2016-03-31,2016,T20I,World T20,India,West Indies,Wankhede Stadium,0,0,0,0
980901,2016-04-09,2016,IPL,Indian Premier League,Rising Pune Supergiants,Mumbai Indians,Wankhede Stadium,1,0,0,1
980911,2016-04-14,2016,IPL,Indian Premier League,Rising Pune Supergiants,Gujarat Lions,Saurashtra Cricket Association Stadium,0,1,0,1
980919,2016-04-17,2016,IPL,Indian Premier League,Rising Pune Supergiants,Kings XI Punjab,"Punjab Cricket Association IS Bindra Stadium, Mohali",1,0,0,1
980931,2016-04-22,2016,IPL,Indian Premier League,Rising Pune Supergiants,Royal Challengers Bangalore,Maharashtra Cricket Association Stadium,0,0,0,0
980939,2016-04-24,2016,IPL,Indian Premier League,Rising Pune Supergiants,Kolkata Knight Riders,Maharashtra Cricket Association Stadium,0,0,1,0
980943,2016-04-26,2016,IPL,Indian Premier League,Rising Pune Supergiants,Sunrisers Hyderabad,"Rajiv Gandhi International Stadium, Uppal",3,0,0,3
980949,2016-04-29,2016,IPL,Indian Premier League,Rising Pune Supergiants,Gujarat Lions,Maharashtra Cricket Association Stadium,1,0,1,1
980957,2016-05-01,2016,IPL,Indian Premier League,Rising Pune Supergiants,Mumbai Indians,Maharashtra Cricket Association Stadium,1,0,0,1
980965,2016-05-05,2016,IPL,Indian Premier League,Rising Pune Supergiants,Delhi Daredevils,Feroz Shah Kotla,0,0,1,0
980969,2016-05-07,2016,IPL,Indian Premier League,Rising Pune Supergiants,Royal Challengers Bangalore,M Chinnaswamy Stadium,0,0,0,0
980979,2016-05-10,2016,IPL,Indian Premier League,Rising Pune Supergiants,Sunrisers Hyderabad,Dr. Y.S. Rajasekhara Reddy ACA-VDCA Cricket Stadium,1,1,0,2
980989,2016-05-14,2016,IPL,Indian Premier League,Rising Pune Supergiants,Kolkata Knight Riders,Eden Gardens,0,1,0,1
980997,2016-05-17,2016,IPL,Indian Premier League,Rising Pune Supergiants,Delhi Daredevils,Dr. Y.S. Rajasekhara Reddy ACA-VDCA Cricket Stadium,0,1,0,1
981005,2016-05-21,2016,IPL,Indian Premier League,Rising Pune Supergiants,Kings XI Punjab,Dr. Y.S. Rajasekhara Reddy ACA-VDCA Cricket Stadium,0,0,0,0
1007649,2016-06-11,2016,ODI,India in Zimbabwe ODI Series,India,Zimbabwe,Harare Sports Club,2,0,0,2
1007651,2016-06-13,2016,ODI,India in Zimbabwe ODI Series,India,Zimbabwe,Harare Sports Club,1,0,0,1
1007653,2016-06-15,2016,ODI,India in Zimbabwe ODI Series,India,Zimbabwe,Harare Sports Club,1,0,1,1
1007655,2016-06-18,2016,T20I,India in Zimbabwe T20I Series,India,Zimbabwe,Harare Sports Club,1,0,0,1
1007657,2016-06-20,2016,T20I,India in Zimbabwe T20I Series,India,Zimbabwe,Harare Sports Club,0,0,0,0
1007659,2016-06-22,2016,T20I,India in Zimbabwe T20I Series,India,Zimbabwe,Harare Sports Club,0,0,0,0
1041615,2016-08-27,2016,T20I,West Indies v India T20I Series,India,West Indies,Central Broward Regional Park Stadium Turf Ground,0,0,0,0
1041617,2016-08-28,2016,T20I,West Indies v India T20I Series,India,West Indies,Central Broward Regional Park Stadium Turf Ground,1,1,0,2
1030219,2016-10-16,2016,ODI,New Zealand in India ODI Series,India,New Zealand,Himachal Pradesh Cricket Association Stadium,2,0,0,2
1030221,2016-10-20,2016,ODI,New Zealand in India ODI Series,India,New Zealand,Feroz Shah Kotla,1,0,0,1
1030223,2016-10-23,2016,ODI,New Zealand in India ODI Series,India,New Zealand,"Punjab Cricket Association Stadium, Mohali",0,2,0,2
1030225,2016-10-26,2016,ODI,New Zealand in India ODI Series,India,New Zealand,JSCA International Stadium Complex,2,0,1,2
1030227,2016-10-29,2016,ODI,New Zealand in India ODI Series,India,New Zealand,Dr. Y.S. Rajasekhara Reddy ACA-VDCA Cricket Stadium,1,1,0,2
1034819,2017-01-15,2017,ODI,England in India ODI Series,India,England,Maharashtra Cricket Association Stadium,1,1,0,2
1034821,2017-01-19,2017,ODI,England in India ODI Series,India,England,Barabati Stadium,1,1,0,2
1034823,2017-01-22,2017,ODI,England in India ODI Series,India,England,Eden Gardens,0,0,2,0
1034825,2017-01-26,2017,T20I,England in India T20I Series,India,England,Green Park,0,0,0,0
1034827,2017-01-29,2017,T20I,England in India T20I Series,India,England,"Vidarbha Cricket Association Stadium, Jamtha",0,0,0,0
1034829,2017-02-01,2017,T20I,England in India T20I Series,India,England,M Chinnaswamy Stadium,1,1,0,2
1082592,2017-04-06,2017,IPL,Indian Premier League,Rising Pune Supergiant,Mumbai Indians,Maharashtra Cricket Association Stadium,1,0,1,1
1082594,2017-04-08,2017,IPL,Indian Premier League,Rising Pune Supergiant,Kings XI Punjab,Holkar Cricket Stadium,0,0,0,0
1082599,2017-04-11,2017,IPL,Indian Premier League,Rising Pune Supergiant,Delhi Daredevils,Maharashtra Cricket Association Stadium,1,0,0,1
1082603,2017-04-14,2017,IPL,Indian Premier League,Rising Pune Supergiant,Gujarat Lions,Saurashtra Cricket Association Stadium,0,1,0,1
1082607,2017-04-16,2017,IPL,Indian Premier League,Rising Pune Supergiant,Royal Challengers Bangalore,M Chinnaswamy Stadium,1,1,0,2
1082615,2017-04-22,2017,IPL,Indian Premier League,Rising Pune Supergiant,Sunrisers Hyderabad,Maharashtra Cricket Association Stadium,0,0,0,0
1082618,2017-04-24,2017,IPL,Indian Premier League,Rising Pune Supergiant,Mumbai Indians,Wankhede Stadium,0,0,0,0
1082620,2017-04-26,2017,IPL,Indian Premier League,Rising Pune Supergiant,Kolkata Knight Riders,Maharashtra Cricket Association Stadium,0,0,1,0
1082624,2017-04-29,2017,IPL,Indian Premier League,Rising Pune Supergiant,Royal Challengers Bangalore,Maharashtra Cricket Association Stadium,0,0,1,0
1082629,2017-05-01,2017,IPL,Indian Premier League,Rising Pune Supergiant,Gujarat Lions,Maharashtra Cricket Association Stadium,0,0,2,0
1082631,2017-05-03,2017,IPL,Indian Premier League,Rising Pune Supergiant,Kolkata Knight Riders,Eden Gardens,0,0,0,0
1082634,2017-05-06,2017,IPL,Indian Premier League,Rising Pune Supergiant,Sunrisers Hyderabad,"Rajiv Gandhi International Stadium, Uppal",1,0,0,1
1082642,2017-05-12,2017,IPL,Indian Premier League,Rising Pune Supergiant,Delhi Daredevils,Feroz Shah Kotla,2,1,0,3
1082645,2017-05-14,2017,IPL,Indian Premier League,Rising Pune Supergiant,Kings XI Punjab,Maharashtra Cricket Association Stadium,3,0,0,3
1082647,2017-05-16,2017,IPL,Indian Premier League,Rising Pune Supergiant,Mumbai Indians,Wankhede Stadium,1,0,0,1
1082650,2017-05-21,2017,IPL,Indian Premier League,Rising Pune Supergiant,Mumbai Indians,"Rajiv Gandhi International Stadium, Uppal",0,0,0,0
1022353,2017-06-04,2017,ODI,ICC Champions Trophy,India,Pakistan,Edgbaston,1,0,0,1
1022361,2017-06-08,2017,ODI,ICC Champions Trophy,India,Sri Lanka,Kennington Oval,0,0,1,0
1022367,2017-06-11,2017,ODI,ICC Champions Trophy,India,South Africa,Kennington Oval,2,0,2,2
1022373,2017-06-15,2017,ODI,ICC Champions Trophy,India,Bangladesh,Edgbaston,1,0,0,1
1022375,2017-06-18,2017,ODI,ICC Champions Trophy,India,Pakistan,Kennington Oval,0,0,1,0
1098206,2017-06-23,2017,ODI,India in West Indies ODI Series,India,West Indies,"Queen's Park Oval, Port of Spain",0,0,0,0
1098207,2017-06-25,2017,ODI,India in West Indies ODI Series,India,West Indies,"Queen's Park Oval, Port of Spain",1,2,0,3
1098208,2017-06-30,2017,ODI,India in West Indies ODI Series,India,West Indies,"Sir Vivian Richards Stadium, North Sound",0,1,0,1
1098209,2017-07-02,2017,ODI,India in West Indies ODI Series,India,West Indies,"Sir Vivian Richards Stadium, North Sound",2,0,0,2
1098210,2017-07-06,2017,ODI,India in West Indies ODI Series,India,West Indies,"Sabina Park, Kingston",2,0,0,2
1098211,2017-07-09,2017,T20I,T20I Series,India,West Indies,"Sabina Park, Kingston",1,0,0,1
1109605,2017-08-20,2017,ODI,India tour of Sri Lanka,India,Sri Lanka,Rangiri Dambulla International Stadium,0,1,0,1
1109606,2017-08-24,2017,ODI,India tour of Sri Lanka,India,Sri Lanka,Pallekele International Cricket Stadium,0,1,0,1
1109607,2017-08-27,2017,ODI,India tour of Sri Lanka,India,Sri Lanka,Pallekele International Cricket Stadium,0,0,0,0
1109608,2017-08-31,2017,ODI,India tour of Sri Lanka,India,Sri Lanka,"R.Premadasa Stadium, Khettarama",3,0,0,3
1109609,2017-09-03,2017,ODI,India tour of Sri Lanka,India,Sri Lanka,"R.Premadasa Stadium, Khettarama",2,1,0,3
1109610,2017-09-06,2017,T20I,India tour of Sri Lanka,India,Sri Lanka,"R.Premadasa Stadium, Khettarama",0,1,0,1
1119496,2017-09-17,2017,ODI,Australia tour of India,India,Australia,"MA Chidambaram Stadium, Chepauk",2,1,0,3
1119497,2017-09-21,2017,ODI,Australia tour of India,India,Australia,Eden Gardens,1,1,0,2
1119498,2017-09-24,2017,ODI,Australia tour of India,India,Australia,Holkar Cricket Stadium,0,1,0,1
1119499,2017-09-28,2017,ODI,Australia tour of India,India,Australia,M.Chinnaswamy Stadium,0,0,0,0
1119500,2017-10-01,2017,ODI,Australia tour of India,India,Australia,"Vidarbha Cricket Association Stadium, Jamtha",0,0,0,0
1119501,2017-10-07,2017,T20I,Australia tour of India,India,Australia,JSCA International Stadium Complex,0,0,0,0
1119502,2017-10-10,2017,T20I,Australia tour of India,India,Australia,Barsapara Cricket Stadium,0,0,0,0
1120090,2017-10-22,2017,ODI,New Zealand tour of India,India,New Zealand,Wankhede Stadium,0,0,0,0
1120091,2017-10-25,2017,ODI,New Zealand tour of India,India,New Zealand,Maharashtra Cricket Association Stadium,2,0,0,2
1120092,2017-10-29,2017,ODI,New Zealand tour of India,India,New Zealand,Green Park,1,0,0,1
1120093,2017-11-01,2017,T20I,New Zealand tour of India,India,New Zealand,Arun Jaitley Stadium,2,1,0,3
1120094,2017-11-04,2017,T20I,New Zealand tour of India,India,New Zealand,Saurashtra Cricket Association Stadium,0,0,0,0
1120095,2017-11-07,2017,T20I,New Zealand tour of India,India,New Zealand,Greenfield International Stadium,0,0,0,0
1122726,2017-12-10,2017,ODI,Sri Lanka tour of India,India,Sri Lanka,Himachal Pradesh Cricket Association Stadium,1,0,0,1
1122727,2017-12-13,2017,ODI,Sri Lanka tour of India,India,Sri Lanka,"Punjab Cricket Association IS Bindra Stadium, Mohali",2,1,0,3
1122728,2017-12-17,2017,ODI,Sri Lanka tour of India,India,Sri Lanka,Dr. Y.S. Rajasekhara Reddy ACA-VDCA Cricket Stadium,1,1,0,2
1122729,2017-12-20,2017,T20I,Sri Lanka tour of India,India,Sri Lanka,Barabati Stadium,2,2,0,4
1122730,2017-12-22,2017,T20I,Sri Lanka tour of India,India,Sri Lanka,Holkar Cricket Stadium,0,2,0,2
1122731,2017-12-24,2017,T20I,Sri Lanka tour of India,India,Sri Lanka,Wankhede Stadium,0,0,0,0
1122279,2018-02-01,2018,ODI,India tour of South Africa,India,South Africa,Kingsmead,0,0,0,0
1122280,2018-02-04,2018,ODI,India tour of South Africa,India,South Africa,SuperSport Park,1,0,0,1
1122281,2018-02-07,2018,ODI,India tour of South Africa,India,South Africa,Newlands,1,1,0,2
1122282,2018-02-10,2018,ODI,India tour of South Africa,India,South Africa,The Wanderers Stadium,0,0,0,0
1122283,2018-02-13,2018,ODI,India tour of South Africa,India,South Africa,St George's Park,1,1,0,2
1122284,2018-02-16,2018,ODI,India tour of South Africa,India,South Africa,SuperSport Park,1,0,0,1
1122285,2018-02-18,2018,T20I,India tour of South Africa,India,South Africa,The Wanderers Stadium,1,0,0,1
1122286,2018-02-21,2018,T20I,India tour of South Africa,India,South Africa,SuperSport Park,1,0,0,1
1122287,2018-02-24,2018,T20I,India tour of South Africa,India,South Africa,Newlands,0,0,0,0
1136561,2018-04-07,2018,IPL,Indian Premier League,Chennai Super Kings,Mumbai Indians,Wankhede Stadium,0,0,0,0
1136565,2018-04-10,2018,IPL,Indian Premier League,Chennai Super Kings,Kolkata Knight Riders,MA Chidambaram Stadium,1,0,0,1
1136572,2018-04-15,2018,IPL,Indian Premier League,Chennai Super Kings,Kings XI Punjab,Punjab Cricket Association IS Bindra Stadium,2,0,0,2
1136577,2018-04-20,2018,IPL,Indian Premier League,Chennai Super Kings,Rajasthan Royals,Maharashtra Cricket Association Stadium,2,0,0,2
1136580,2018-04-22,2018,IPL,Indian Premier League,Chennai Super Kings,Sunrisers Hyderabad,Rajiv Gandhi International Stadium,0,0,0,0
1136584,2018-04-25,2018,IPL,Indian Premier League,Chennai Super Kings,Royal Challengers Bangalore,M.Chinnaswamy Stadium,0,0,0,0
1136587,2018-04-28,2018,IPL,Indian Premier League,Chennai Super Kings,Mumbai Indians,Maharashtra Cricket Association Stadium,0,0,0,0
1136590,2018-04-30,2018,IPL,Indian Premier League,Chennai Super Kings,Delhi Daredevils,Maharashtra Cricket Association Stadium,0,0,0,0
1136593,2018-05-03,2018,IPL,Indian Premier League,Chennai Super Kings,Kolkata Knight Riders,Eden Gardens,0,0,0,0
1136595,2018-05-05,2018,IPL,Indian Premier League,Chennai Super Kings,Royal Challengers Bangalore,Maharashtra Cricket Association Stadium,0,2,0,2
1136603,2018-05-11,2018,IPL,Indian Premier League,Chennai Super Kings,Rajasthan Royals,Sawai Mansingh Stadium,1,0,0,1
1136606,2018-05-13,2018,IPL,Indian Premier League,Chennai Super Kings,Sunrisers Hyderabad,Maharashtra Cricket Association Stadium,0,0,0,0
1136612,2018-05-18,2018,IPL,Indian Premier League,Chennai Super Kings,Delhi Daredevils,Arun Jaitley Stadium,0,0,0,0
1136616,2018-05-20,2018,IPL,Indian Premier League,Chennai Super Kings,Kings XI Punjab,Maharashtra Cricket Association Stadium,3,0,0,3
1136617,2018-05-22,2018,IPL,Indian Premier League,Chennai Super Kings,Sunrisers Hyderabad,Wankhede Stadium,2,0,0,2
1136620,2018-05-27,2018,IPL,Indian Premier League,Chennai Super Kings,Sunrisers Hyderabad,Wankhede Stadium,0,1,0,1
1140992,2018-06-27,2018,T20I,India tour of Ireland and England,India,Ireland,"The Village, Malahide",0,2,0,2
1119543,2018-07-03,2018,T20I,India tour of Ireland and England,India,England,Old Trafford,0,2,0,2
1119544,2018-07-06,2018,T20I,India tour of Ireland and England,India,England,Sophia Gardens,0,0,0,0
1119545,2018-07-08,2018,T20I,India tour of Ireland and England,India,England,County Ground,5,0,0,5
1119546,2018-07-12,2018,ODI,India tour of Ireland and England,India,England,Trent Bridge,1,0,0,1
1119547,2018-07-14,2018,ODI,India tour of Ireland and England,India,England,Lord's,2,0,0,2
1119548,2018-07-17,2018,ODI,India tour of Ireland and England,India,England,Headingley,0,0,0,0
1153246,2018-09-18,2018,ODI,Asia Cup,India,Hong Kong,Dubai International Cricket Stadium,2,1,0,3
1153247,2018-09-19,2018,ODI,Asia Cup,India,Pakistan,Dubai International Cricket Stadium,2,1,0,3
1153249,2018-09-21,2018,ODI,Asia Cup,India,Bangladesh,Dubai International Cricket Stadium,1,0,0,1
1153251,2018-09-23,2018,ODI,Asia Cup,India,Pakistan,Dubai International Cricket Stadium,1,0,0,1
1153255,2018-09-28,2018,ODI,Asia Cup,India,Bangladesh,Dubai International Cricket Stadium,0,2,0,2
1157754,2018-10-21,2018,ODI,West Indies tour of India,India,West Indies,Barsapara Cricket Stadium,1,0,0,1
1157755,2018-10-24,2018,ODI,West Indies tour of India,India,West Indies,Dr. Y.S. Rajasekhara Reddy ACA-VDCA Cricket Stadium,0,0,0,0
1157756,2018-10-27,2018,ODI,West Indies tour of India,India,West Indies,Maharashtra Cricket Association Stadium,2,1,0,3
1157757,2018-10-29,2018,ODI,West Indies tour of India,India,West Indies,Brabourne Stadium,0,1,0,1
1157758,2018-11-01,2018,ODI,West Indies tour of India,India,West Indies,Greenfield International Stadium,1,0,0,1
1144997,2019-01-12,2019,ODI,India tour of Australia,India,Australia,Sydney Cricket Ground,0,0,0,0
1144998,2019-01-15,2019,ODI,India tour of Australia,India,Australia,Adelaide Oval,1,1,0,2
1144999,2019-01-18,2019,ODI,India tour of Australia,India,Australia,Melbourne Cricket Ground,0,1,0,1
1153691,2019-01-23,2019,ODI,India tour of New Zealand,India,New Zealand,McLean Park,0,1,0,1
1153692,2019-01-26,2019,ODI,India tour of New Zealand,India,New Zealand,Bay Oval,0,1,0,1
1153695,2019-02-03,2019,ODI,India tour of New Zealand,India,New Zealand,Westpac Stadium,0,0,0,0
1153696,2019-02-06,2019,T20I,India tour of New Zealand,India,New Zealand,Westpac Stadium,0,0,0,0
1153697,2019-02-08,2019,T20I,India tour of New Zealand,India,New Zealand,Eden Park,1,0,0,1
1153698,2019-02-10,2019,T20I,India tour of New Zealand,India,New Zealand,Seddon Park,1,1,0,2
1168247,2019-02-24,2019,T20I,Australia tour of India,India,Australia,Dr. Y.S. Rajasekhara Reddy ACA-VDCA Cricket Stadium,1,0,0,1
1168248,2019-02-27,2019,T20I,Australia tour of India,India,Australia,M.Chinnaswamy Stadium,0,0,0,0
1168242,2019-03-02,2019,ODI,Australia tour of India,India,Australia,"Rajiv Gandhi International Stadium, Uppal",1,1,0,2
1168243,2019-03-05,2019,ODI,Australia tour of India,India,Australia,"Vidarbha Cricket Association Stadium, Jamtha",2,0,0,2
1168244,2019-03-08,2019,ODI,Australia tour of India,India,Australia,JSCA International Stadium Complex,0,0,0,0
1175356,2019-03-23,2019,IPL,Indian Premier League,Chennai Super Kings,Royal Challengers Bangalore,MA Chidambaram Stadium,1,0,0,1
1175360,2019-03-26,2019,IPL,Indian Premier League,Chennai Super Kings,Delhi Capitals,Arun Jaitley Stadium,0,0,0,0
1175367,2019-03-31,2019,IPL,Indian Premier League,Chennai Super Kings,Rajasthan Royals,MA Chidambaram Stadium,0,0,0,0
1175370,2019-04-03,2019,IPL,Indian Premier League,Chennai Super Kings,Mumbai Indians,Wankhede Stadium,1,0,0,1
1178393,2019-04-06,2019,IPL,Indian Premier League,Chennai Super Kings,Kings XI Punjab,MA Chidambaram Stadium,1,0,0,1
1178398,2019-04-09,2019,IPL,Indian Premier League,Chennai Super Kings,Kolkata Knight Riders,MA Chidambaram Stadium,0,2,0,2
1178400,2019-04-11,2019,IPL,Indian Premier League,Chennai Super Kings,Rajasthan Royals,Sawai Mansingh Stadium,1,0,0,1
1178404,2019-04-14,2019,IPL,Indian Premier League,Chennai Super Kings,Kolkata Knight Riders,Eden Gardens,0,0,0,0
1178414,2019-04-21,2019,IPL,Indian Premier League,Chennai Super Kings,Royal Challengers Bangalore,M.Chinnaswamy Stadium,1,0,0,1
1178416,2019-04-23,2019,IPL,Indian Premier League,Chennai Super Kings,Sunrisers Hyderabad,MA Chidambaram Stadium,1,1,0,2
1178425,2019-05-01,2019,IPL,Indian Premier League,Chennai Super Kings,Delhi Capitals,MA Chidambaram Stadium,1,2,0,3
1178430,2019-05-05,2019,IPL,Indian Premier League,Chennai Super Kings,Kings XI Punjab,Punjab Cricket Association IS Bindra Stadium,1,0,0,1
1181764,2019-05-07,2019,IPL,Indian Premier League,Chennai Super Kings,Mumbai Indians,MA Chidambaram Stadium,0,0,0,0
1181767,2019-05-10,2019,IPL,Indian Premier League,Chennai Super Kings,Delhi Capitals,Dr. Y.S. Rajasekhara Reddy ACA-VDCA Cricket Stadium,1,0,0,1
1181768,2019-05-12,2019,IPL,Indian Premier League,Chennai Super Kings,Mumbai Indians,Rajiv Gandhi International Stadium,2,0,0,2
1144490,2019-06-05,2019,ODI,World Cup,India,South Africa,The Rose Bowl,0,1,0,1
1144496,2019-06-09,2019,ODI,World Cup,India,Australia,Kennington Oval,1,0,0,1
1144504,2019-06-16,2019,ODI,World Cup,India,Pakistan,Old Trafford,0,0,0,0
1144516,2019-06-27,2019,ODI,World Cup,India,West Indies,Old Trafford,1,0,0,1
1144520,2019-06-30,2019,ODI,World Cup,India,England,Edgbaston,0,0,0,0
1144522,2019-07-02,2019,ODI,World Cup,India,Bangladesh,Edgbaston,1,0,0,1
1144526,2019-07-06,2019,ODI,World Cup,India,Sri Lanka,Headingley,3,1,0,4
1144528,2019-07-09,2019,ODI,World Cup,India,New Zealand,Old Trafford,1,0,0,1
1216492,2020-09-19,2020,IPL,Indian Premier League,Chennai Super Kings,Mumbai Indians,Sheikh Zayed Stadium,2,0,0,2
1216496,2020-09-22,2020,IPL,Indian Premier League,Chennai Super Kings,Rajasthan Royals,Sharjah Cricket Stadium,1,0,0,1
1216539,2020-09-25,2020,IPL,Indian Premier League,Chennai Super Kings,Delhi Capitals,Dubai International Cricket Stadium,1,1,0,2
1216516,2020-10-02,2020,IPL,Indian Premier League,Chennai Super Kings,Sunrisers Hyderabad,Dubai International Cricket Stadium,1,0,0,1
1216513,2020-10-04,2020,IPL,Indian Premier League,Chennai Super Kings,Kings XI Punjab,Dubai International Cricket Stadium,1,0,0,1
1216501,2020-10-07,2020,IPL,Indian Premier League,Chennai Super Kings,Kolkata Knight Riders,Sheikh Zayed Stadium,4,0,0,4
1216525,2020-10-10,2020,IPL,Indian Premier League,Chennai Super Kings,Royal Challengers Bangalore,Dubai International Cricket Stadium,2,0,0,2
1216528,2020-10-13,2020,IPL,Indian Premier League,Chennai Super Kings,Sunrisers Hyderabad,Dubai International Cricket Stadium,0,0,0,0
1216509,2020-10-17,2020,IPL,Indian Premier League,Chennai Super Kings,Delhi Capitals,Sharjah Cricket Stadium,0,0,0,0
1216533,2020-10-19,2020,IPL,Indian Premier League,Chennai Super Kings,Rajasthan Royals,Sheikh Zayed Stadium,2,0,0,2
1216521,2020-10-23,2020,IPL,Indian Premier League,Chennai Super Kings,Mumbai Indians,Sharjah Cricket Stadium,0,0,0,0
1216544,2020-10-25,2020,IPL,Indian Premier League,Chennai Super Kings,Royal Challengers Bangalore,Dubai International Cricket Stadium,0,0,0,0
1216536,2020-10-29,2020,IPL,Indian Premier League,Chennai Super Kings,Kolkata Knight Riders,Dubai International Cricket Stadium,0,0,0,0
1216506,2020-11-01,2020,IPL,Indian Premier League,Chennai Super Kings,Kings XI Punjab,Sheikh Zayed Stadium,1,0,0,1
1254059,2021-04-10,2021,IPL,Indian Premier League,Chennai Super Kings,Delhi Capitals,"Wankhede Stadium, Mumbai",0,0,0,0
1254065,2021-04-16,2021,IPL,Indian Premier League,Chennai Super Kings,Punjab Kings,"Wankhede Stadium, Mumbai",0,0,0,0
1254069,2021-04-19,2021,IPL,Indian Premier League,Chennai Super Kings,Rajasthan Royals,"Wankhede Stadium, Mumbai",0,0,0,0
1254072,2021-04-21,2021,IPL,Indian Premier League,Chennai Super Kings,Kolkata Knight Riders,"Wankhede Stadium, Mumbai",3,0,0,3
1254076,2021-04-25,2021,IPL,Indian Premier League,Chennai Super Kings,Royal Challengers Bangalore,"Wankhede Stadium, Mumbai",1,0,0,1
1254080,2021-04-28,2021,IPL,Indian Premier League,Chennai Super Kings,Sunrisers Hyderabad,"Arun Jaitley Stadium, Delhi",0,0,0,0
1254084,2021-05-01,2021,IPL,Indian Premier League,Chennai Super Kings,Mumbai Indians,"Arun Jaitley Stadium, Delhi",1,0,0,1
1254104,2021-09-19,2021,IPL,Indian Premier League,Chennai Super Kings,Mumbai Indians,Dubai International Cricket Stadium,0,0,1,0
1254113,2021-09-24,2021,IPL,Indian Premier League,Chennai Super Kings,Royal Challengers Bangalore,Sharjah Cricket Stadium,0,0,0,0
1254098,2021-09-26,2021,IPL,Indian Premier League,Chennai Super Kings,Kolkata Knight Riders,"Zayed Cricket Stadium, Abu Dhabi",2,0,0,2
1254091,2021-09-30,2021,IPL,Indian Premier League,Chennai Super Kings,Sunrisers Hyderabad,Sharjah Cricket Stadium,3,0,0,3
1254089,2021-10-02,2021,IPL,Indian Premier League,Chennai Super Kings,Rajasthan Royals,"Zayed Cricket Stadium, Abu Dhabi",1,0,0,1
1254110,2021-10-04,2021,IPL,Indian Premier League,Chennai Super Kings,Delhi Capitals,Dubai International Cricket Stadium,0,0,0,0
1254094,2021-10-07,2021,IPL,Indian Premier League,Chennai Super Kings,Punjab Kings,Dubai International Cricket Stadium,1,0,0,1
1254114,2021-10-10,2021,IPL,Indian Premier League,Chennai Super Kings,Delhi Capitals,Dubai International Cricket Stadium,1,0,0,1
1254117,2021-10-15,2021,IPL,Indian Premier League,Chennai Super Kings,Kolkata Knight Riders,Dubai International Cricket Stadium,0,0,0,0
1304047,2022-03-26,2022,IPL,Indian Premier League,Chennai Super Kings,Kolkata Knight Riders,"Wankhede Stadium, Mumbai",1,0,0,1
1304053,2022-03-31,2022,IPL,Indian Premier League,Chennai Super Kings,Lucknow Super Giants,"Brabourne Stadium, Mumbai",1,0,0,1
1304057,2022-04-03,2022,IPL,Indian Premier League,Chennai Super Kings,Punjab Kings,"Brabourne Stadium, Mumbai",0,0,1,0
1304063,2022-04-09,2022,IPL,Indian Premier League,Chennai Super Kings,Sunrisers Hyderabad,"Dr DY Patil Sports Academy, Mumbai",0,0,0,0
1304068,2022-04-12,2022,IPL,Indian Premier League,Chennai Super Kings,Royal Challengers Bangalore,"Dr DY Patil Sports Academy, Mumbai",0,0,0,0
1304075,2022-04-17,2022,IPL,Indian Premier League,Chennai Super Kings,Gujarat Titans,"Maharashtra Cricket Association Stadium, Pune",1,0,0,1
1304079,2022-04-21,2022,IPL,Indian Premier League,Chennai Super Kings,Mumbai Indians,"Dr DY Patil Sports Academy, Mumbai",1,0,0,1
1304084,2022-04-25,2022,IPL,Indian Premier League,Chennai Super Kings,Punjab Kings,"Wankhede Stadium, Mumbai",0,0,1,0
1304092,2022-05-01,2022,IPL,Indian Premier League,Chennai Super Kings,Sunrisers Hyderabad,"Maharashtra Cricket Association Stadium, Pune",1,0,0,1
1304095,2022-05-04,2022,IPL,Indian Premier League,Chennai Super Kings,Royal Challengers Bangalore,"Maharashtra Cricket Association Stadium, Pune",0,0,1,0
1304101,2022-05-08,2022,IPL,Indian Premier League,Chennai Super Kings,Delhi Capitals,"Dr DY Patil Sports Academy, Mumbai",2,0,0,2
1304105,2022-05-12,2022,IPL,Indian Premier League,Chennai Super Kings,Mumbai Indians,"Wankhede Stadium, Mumbai",2,0,0,2
1304108,2022-05-15,2022,IPL,Indian Premier League,Chennai Super Kings,Gujarat Titans,"Wankhede Stadium, Mumbai",0,0,0,0
1304114,2022-05-20,2022,IPL,Indian Premier League,Chennai Super Kings,Rajasthan Royals,"Brabourne Stadium, Mumbai",0,0,0,0
1359475,2023-03-31,2023,IPL,Indian Premier League,Chennai Super Kings,Gujarat Titans,"Narendra Modi Stadium, Ahmedabad",1,0,0,1
1359480,2023-04-03,2023,IPL,Indian Premier League,Chennai Super Kings,Lucknow Super Giants,"MA Chidambaram Stadium, Chepauk, Chennai",1,0,0,1
1359486,2023-04-08,2023,IPL,Indian Premier League,Chennai Super Kings,Mumbai Indians,"Wankhede Stadium, Mumbai",1,0,0,1
1359491,2023-04-12,2023,IPL,Indian Premier League,Chennai Super Kings,Rajasthan Royals,"MA Chidambaram Stadium, Chepauk, Chennai",0,0,1,0
1359498,2023-04-17,2023,IPL,Indian Premier League,Chennai Super Kings,Royal Challengers Bangalore,"M Chinnaswamy Stadium, Bengaluru",2,0,0,2
1359503,2023-04-21,2023,IPL,Indian Premier League,Chennai Super Kings,Sunrisers Hyderabad,"MA Chidambaram Stadium, Chepauk, Chennai",1,1,1,2
1359507,2023-04-23,2023,IPL,Indian Premier League,Chennai Super Kings,Kolkata Knight Riders,"Eden Gardens, Kolkata",0,0,0,0
1359511,2023-04-27,2023,IPL,Indian Premier League,Chennai Super Kings,Rajasthan Royals,"Sawai Mansingh Stadium, Jaipur",0,0,1,0
1359515,2023-04-30,2023,IPL,Indian Premier League,Chennai Super Kings,Punjab Kings,"MA Chidambaram Stadium, Chepauk, Chennai",0,1,0,1
1359519,2023-05-03,2023,IPL,Indian Premier League,Chennai Super Kings,Lucknow Super Giants,"Bharat Ratna Shri Atal Bihari Vajpayee Ekana Cricket Stadium, Lucknow",0,0,0,0
1359523,2023-05-06,2023,IPL,Indian Premier League,Chennai Super Kings,Mumbai Indians,"MA Chidambaram Stadium, Chepauk, Chennai",0,0,0,0
1359529,2023-05-10,2023,IPL,Indian Premier League,Chennai Super Kings,Delhi Capitals,"MA Chidambaram Stadium, Chepauk, Chennai",0,0,0,0
1359535,2023-05-14,2023,IPL,Indian Premier League,Chennai Super Kings,Kolkata Knight Riders,"MA Chidambaram Stadium, Chepauk, Chennai",0,0,0,0
1359541,2023-05-20,2023,IPL,Indian Premier League,Chennai Super Kings,Delhi Capitals,"Arun Jaitley Stadium, Delhi",0,0,0,0
1370350,2023-05-23,2023,IPL,Indian Premier League,Chennai Super Kings,Gujarat Titans,"MA Chidambaram Stadium, Chepauk, Chennai",0,0,0,0
1370353,2023-05-29,2023,IPL,Indian Premier League,Chennai Super Kings,Gujarat Titans,"Narendra Modi Stadium, Ahmedabad",1,1,0,2
1422119,2024-03-22,2024,IPL,Indian Premier League,Chennai Super Kings,Royal Challengers Bengaluru,"MA Chidambaram Stadium, Chepauk, Chennai",2,0,1,2
1422125,2024-03-26,2024,IPL,Indian Premier League,Chennai Super Kings,Gujarat Titans,"MA Chidambaram Stadium, Chepauk, Chennai",1,0,0,1
1422131,2024-03-31,2024,IPL,Indian Premier League,Chennai Super Kings,Delhi Capitals,"Dr. Y.S. Rajasekhara Reddy ACA-VDCA Cricket Stadium, Visakhapatnam",1,0,0,1
1422136,2024-04-05,2024,IPL,Indian Premier League,Chennai Super Kings,Sunrisers Hyderabad,"Rajiv Gandhi International Stadium, Uppal, Hyderabad",0,0,0,0
1426260,2024-04-08,2024,IPL,Indian Premier League,Chennai Super Kings,Kolkata Knight Riders,"MA Chidambaram Stadium, Chepauk, Chennai",0,0,0,0
1426267,2024-04-14,2024,IPL,Indian Premier League,Chennai Super Kings,Mumbai Indians,"Wankhede Stadium, Mumbai",0,0,0,0
1426272,2024-04-19,2024,IPL,Indian Premier League,Chennai Super Kings,Lucknow Super Giants,"Bharat Ratna Shri Atal Bihari Vajpayee Ekana Cricket Stadium, Lucknow",1,0,0,1
1426277,2024-04-23,2024,IPL,Indian Premier League,Chennai Super Kings,Lucknow Super Giants,"MA Chidambaram Stadium, Chepauk, Chennai",0,0,0,0
1426284,2024-04-28,2024,IPL,Indian Premier League,Chennai Super Kings,Sunrisers Hyderabad,"MA Chidambaram Stadium, Chepauk, Chennai",1,0,0,1
1426287,2024-05-01,2024,IPL,Indian Premier League,Chennai Super Kings,Punjab Kings,"MA Chidambaram Stadium, Chepauk, Chennai",1,0,0,1
1426291,2024-05-05,2024,IPL,Indian Premier League,Chennai Super Kings,Punjab Kings,"Himachal Pradesh Cricket Association Stadium, Dharamsala",1,0,0,1
1426297,2024-05-10,2024,IPL,Indian Premier League,Chennai Super Kings,Gujarat Titans,"Narendra Modi Stadium, Ahmedabad",0,0,0,0
1426299,2024-05-12,2024,IPL,Indian Premier League,Chennai Super Kings,Rajasthan Royals,"MA Chidambaram Stadium, Chepauk, Chennai",0,0,0,0
1426306,2024-05-18,2024,IPL,Indian Premier League,Chennai Super Kings,Royal Challengers Bengaluru,"M Chinnaswamy Stadium, Bengaluru",2,0,0,2
1473440,2025-03-23,2025,IPL,Indian Premier League,Chennai Super Kings,Mumbai Indians,"MA Chidambaram Stadium, Chepauk, Chennai",0,1,0,1
1473445,2025-03-28,2025,IPL,Indian Premier League,Chennai Super Kings,Royal Challengers Bengaluru,"MA Chidambaram Stadium, Chepauk, Chennai",0,1,0,1
1473448,2025-03-30,2025,IPL,Indian Premier League,Chennai Super Kings,Rajasthan Royals,"Barsapara Cricket Stadium, Guwahati",0,1,0,1
1473454,2025-04-05,2025,IPL,Indian Premier League,Chennai Super Kings,Delhi Capitals,"MA Chidambaram Stadium, Chepauk, Chennai",1,0,1,1
1473459,2025-04-08,2025,IPL,Indian Premier League,Chennai Super Kings,Punjab Kings,"Maharaja Yadavindra Singh International Cricket Stadium, Mullanpur",1,0,0,1
1473462,2025-04-11,2025,IPL,Indian Premier League,Chennai Super Kings,Kolkata Knight Riders,"MA Chidambaram Stadium, Chepauk, Chennai",0,0,0,0
1473467,2025-04-14,2025,IPL,Indian Premier League,Chennai Super Kings,Lucknow Super Giants,"Bharat Ratna Shri Atal Bihari Vajpayee Ekana Cricket Stadium, Lucknow",1,1,1,2
1473475,2025-04-20,2025,IPL,Indian Premier League,Chennai Super Kings,Mumbai Indians,"Wankhede Stadium, Mumbai",0,0,0,0
1473480,2025-04-25,2025,IPL,Indian Premier League,Chennai Super Kings,Sunrisers Hyderabad,"MA Chidambaram Stadium, Chepauk, Chennai",0,0,0,0
1473486,2025-04-30,2025,IPL,Indian Premier League,Chennai Super Kings,Punjab Kings,"MA Chidambaram Stadium, Chepauk, Chennai",1,0,0,1
1473489,2025-05-03,2025,IPL,Indian Premier League,Chennai Super Kings,Royal Challengers Bengaluru,"M Chinnaswamy Stadium, Bengaluru",0,0,0,0
1473494,2025-05-07,2025,IPL,Indian Premier League,Chennai Super Kings,Kolkata Knight Riders,"Eden Gardens, Kolkata",1,1,0,2
1473500,2025-05-20,2025,IPL,Indian Premier League,Chennai Super Kings,Rajasthan Royals,"Arun Jaitley Stadium, Delhi",0,0,0,0
1473504,2025-05-25,2025,IPL,Indian Premier League,Chennai Super Kings,Gujarat Titans,"Narendra Modi Stadium, Ahmedabad",1,0,0,1
